qSCOUT,TEAM,COMP,MATCH,CROSSLINE,AUTO SWITCH,AUTO SWITCH ATTEMPTS,AUTO SCALE,AUTO SCALE ATTEMPTS,AUTO INTAKE,TELEOP SWITCH,TELEOP SCALE,TELEOP OTHER SWITCH,TELOP EXCHANGE,FIELD CONFIG,START POS,FOULS,DROPPED/FUMBLED CUBES,TELEOP INTAKE,CLIMB STATUS,FORCE,BOOST,LEVITATE,PICK LIST, SWITCHBOT, SCALEBOT, EXCHANGEBOT, NOPICK
Owen, 2996, COLORADO REGIONAL, Q1, SUCCESS, 1, 1, 0, 0, 0, 0, 1, 0, 3, SOS, 2, 0, 1, 8, NO ATTEMPT, 0, 0, 1, 0, False, True, False, False, 
Kacey, 3648, COLORADO REGIONAL, Q1, SUCCESS, 0, 0, 0, 0, 0, 0, 0, 0, 0, SOS, 1, 0, 2, 3, PLATFORM / NO CLIMB, 0, 0, 0, 0, False, False, False, False, 
Zane, 1584, COLORADO REGIONAL, Q1, SUCCESS, 0, 0, 0, 0, 0, 0, 0, 0, 0, SOS, 3, 0, 0, 0, LEVITATED, 0, 0, 0, 0, True, False, False, False, 
Jazmyne, 1410, COLORADO REGIONAL, Q1, SUCCESS, 0, 0, 0, 0, 0, 0, 0, 0, 6, OSO, 1, 0, 0, 7, 100, 1, 0, 1, 0, True, False, True, False, 
Sophia, 1303, COLORADO REGIONAL, Q1, NO ATTEMPT, 0, 0, 0, 0, 0, 0, 0, 0, 0, OSO, 3, 0, 1, 0, NO ATTEMPT, 2, 0, 0, 0, False, False, False, True, 
Dani, 118, COLORADO REGIONAL, Q1, SUCCESS, 1, 1, 1, 1, 1, 0, 2, 0, 0, OSO, 2, 0, 2, 7, 110, 0, 0, 0, 0, False, True, False, False, 
Jazmyne, 2240, COLORADO REGIONAL, Q2, SUCCESS, 1, 1, 0, 0, 0, 0, 0, 0, 7, SOS, 2, 0, 0, 8, LEVITATED, 1, 1, 1, 0, False, False, True, False, 
Zane, 1157, COLORADO REGIONAL, Q2, NO ATTEMPT, 1, 1, 0, 0, 0, 0, 0, 0, 0, OSO, 3, 0, 1, 3, PLATFORM / NO CLIMB, 0, 0, 0, 0, True, False, False, True, 
Owen, 3288, COLORADO REGIONAL, Q2, NO ATTEMPT, 0, 0, 0, 0, 0, 0, 0, 0, 0, SOS, 1, 0, 0, 1, PLATFORM / NO CLIMB, 1, 1, 1, 0, False, False, False, True, 
Judah, 1977, COLORADO REGIONAL, Q2, FAIL, 0, 0, 0, 0, 0, 0, 0, 0, 0, OSO, 1, 0, 3, 3, FAILED CLIMB, 0, 0, 0, 0, False, False, False, False, 
Sophia, 6459, COLORADO REGIONAL, Q2, SUCCESS, 0, 1, 0, 0, 0, 0, 0, 0, 2, OSO, 1, 0, 1, 2, NO ATTEMPT, 0, 0, 0, 0, False, False, False, True, 
Owen, 5414, COLORADO REGIONAL, Q3, SUCCESS, 0, 0, 0, 1, 0, 0, 0, 0, 1, OSO, 1, 0, 1, 3, PLATFORM / NO CLIMB, 0, 1, 1, 0, False, False, False, True, 
Kacey, 3729, COLORADO REGIONAL, Q3, SUCCESS, 0, 0, 0, 0, 0, 0, 0, 0, 0, SOS, 2, 0, 1, 2, PLATFORM / NO CLIMB, 1, 1, 0, 0, True, False, False, False, 
Jazmyne, 4153, COLORADO REGIONAL, Q3, SUCCESS, 0, 1, 0, 0, 0, 0, 0, 0, 0, OOO, 1, 0, 3, 2, PLATFORM / NO CLIMB, 1, 0, 1, 0, False, False, False, True, 
Zane, 1332, COLORADO REGIONAL, Q3, SUCCESS, 0, 0, 0, 0, 1, 0, 0, 0, 5, OOO, 3, 0, 5, 8, LEVITATED, 0, 0, 1, 0, True, False, False, True, 
Judah, 5414, PRACTICE, Q3, FAIL, 0, 0, 0, 0, 0, 0, 0, 0, 2, OSO, 3, 0, 2, 4, NO ATTEMPT, 0, 3, 1, 0, False, False, True, False, 
Sophia, 2848, COLORADO REGIONAL, Q3, NO ATTEMPT, 0, 0, 0, 0, 0, 0, 0, 0, 3, OSO, 2, 0, 0, 8, LEVITATED, 0, 3, 1, 1, True, True, True, False, 
Owen, 3200, COLORADO REGIONAL, Q4, NO ATTEMPT, 0, 0, 0, 0, 0, 0, 0, 0, 0, OSO, 3, 0, 2, 3, NO ATTEMPT, 1, 1, 1, 0, False, False, False, True, 
Kacey, 7342, COLORADO REGIONAL, Q4, FAIL, 0, 0, 0, 0, 0, 0, 0, 0, 0, OSO, 1, 0, 0, 0, NO ATTEMPT, 1, 1, 0, 0, False, False, False, True, 
Judah, 148, COLORADO REGIONAL, Q4, SUCCESS, 1, 1, 1, 1, 1, 0, 0, 2, 0, SOS, 3, 0, 1, 7, LEVITATED, 0, 3, 1, 1, True, False, False, False, 
Clowie, 1339, COLORADO REGIONAL, Q4, SUCCESS, 0, 0, 1, 1, 0, 0, 2, 0, 0, SOS, 2, 0, 1, 7, NO ATTEMPT, 0, 0, 0, 1, False, False, False, False, 
Taya, 4388, COLORADO REGIONAL, Q4, SUCCESS, 1, 1, 0, 0, 1, 0, 0, 0, 8, SOS, 1, 0, 0, 8, PLATFORM / NO CLIMB, 0, 1, 1, 0, False, False, True, False, 
Sophia, 159, COLORADO REGIONAL, Q4, SUCCESS, 1, 1, 0, 0, 0, 3, 0, 0, 5, OSO, 2, 0, 1, 7, NO ATTEMPT, 0, 0, 0, 0, True, False, True, False, 
Sophia, 5763, COLORADO REGIONAL, Q5, SUCCESS, 0, 0, 0, 0, 0, 1, 0, 0, 0, SOS, 3, 0, 2, 3, NO ATTEMPT, 2, 1, 1, 0, False, False, False, True, 
Kacey, 1730, COLORADO REGIONAL, Q5, SUCCESS, 0, 0, 1, 1, 0, 0, 1, 0, 3, OSO, 1, 0, 0, 7, NO ATTEMPT, 1, 1, 1, 0, False, True, False, False, 
Zane, 4068, COLORADO REGIONAL, Q5, SUCCESS, 0, 0, 0, 0, 1, 0, 0, 0, 6, OOO, 1, 0, 0, 7, PLATFORM / NO CLIMB, 2, 3, 1, 0, True, False, True, False, 
Jazmyne, 1245, COLORADO REGIONAL, Q5, SUCCESS, 0, 0, 0, 0, 1, 0, 0, 0, 4, OSO, 3, 0, 1, 5, PLATFORM / NO CLIMB, 0, 1, 1, 0, False, False, True, False, 
Owen, 4944, COLORADO REGIONAL, Q5, SUCCESS, 2, 2, 0, 0, 1, 0, 0, 1, 1, OSO, 2, 0, 1, 6, PLATFORM / NO CLIMB, 1, 1, 1, 0, False, True, False, False, 
Clowie, 3005, PRACTICE, Q5, SUCCESS, 0, 0, 1, 1, 0, 0, 0, 2, 0, SOS, 2, 0, 2, 8, LEVITATED, 0, 0, 0, 0, False, False, False, False, 
Jazmyne, 5657, COLORADO REGIONAL, Q6, FAIL, 0, 0, 0, 0, 0, 0, 0, 0, 0, OOO, 2, 0, 0, 1, PLATFORM / NO CLIMB, 0, 0, 0, 0, False, False, False, True, 
Zane, 2083, COLORADO REGIONAL, Q6, SUCCESS, 0, 0, 0, 0, 0, 0, 0, 0, 0, OOO, 3, 0, 1, 1, 100, 0, 0, 0, 0, False, False, False, True, 
Sophia, 4550, COLORADO REGIONAL, Q6, SUCCESS, 0, 0, 0, 0, 0, 0, 0, 1, 2, OOO, 3, 0, 0, 8, LEVITATED, 0, 3, 1, 1, True, True, True, False, 
Kacey, 1799, COLORADO REGIONAL, Q6, SUCCESS, 0, 0, 0, 0, 0, 0, 0, 0, 0, SSS, 1, 0, 2, 5, NO ATTEMPT, 0, 0, 0, 0, True, False, False, False, 
Judah, 4593, COLORADO REGIONAL, Q6, SUCCESS, 0, 1, 0, 0, 0, 1, 0, 0, 4, OOO, 2, 0, 1, 8, PLATFORM / NO CLIMB, 0, 3, 1, 1, False, False, True, False, 
Jazmyne, 698, COLORADO REGIONAL, Q7, FAIL, 0, 0, 0, 0, 0, 0, 0, 0, 0, SSS, 1, 0, 0, 0, NO ATTEMPT, 0, 0, 0, 0, False, False, False, True, 
Zane, 2259, COLORADO REGIONAL, Q7, FAIL, 0, 0, 0, 0, 0, 0, 0, 0, 0, SSS, 3, 0, 0, 0, NO ATTEMPT, 0, 0, 0, 0, False, False, False, True, 
Owen, 3374, COLORADO REGIONAL, Q7, SUCCESS, 0, 1, 0, 0, 0, 0, 0, 0, 4, OOO, 2, 0, 1, 8, PLATFORM / NO CLIMB, 1, 1, 1, 0, True, False, False, False, 
Kacey, 2945, COLORADO REGIONAL, Q7, SUCCESS, 0, 0, 0, 0, 0, 0, 0, 0, 0, SSS, 2, 0, 1, 3, 1110, 0, 0, 0, 0, False, False, False, True, 
Judah, 4293, COLORADO REGIONAL, Q7, SUCCESS, 0, 0, 0, 0, 0, 0, 0, 0, 0, OOO, 0, 0, 4, 4, FAILED CLIMB, 0, 0, 0, 0, False, True, False, False, 
Sophia, 5493, COLORADO REGIONAL, Q7, SUCCESS, 0, 1, 0, 0, 0, 0, 0, 0, 0, OOO, 3, 0, 1, 1, NO ATTEMPT, 0, 0, 0, 0, False, False, False, True, 
Sophia, 662, COLORADO REGIONAL, Q8, SUCCESS, 0, 1, 0, 0, 0, 0, 0, 0, 0, SSS, 3, 0, 1, 2, 100, 0, 3, 1, 0, False, False, False, True, 
Zane, 5126, COLORADO REGIONAL, Q8, FAIL, 0, 0, 0, 0, 0, 0, 0, 0, 0, OOO, 3, 0, 3, 7, LEVITATED, 0, 2, 0, 0, True, True, False, False, 
Jazmyne, 3807, COLORADO REGIONAL, Q8, FAIL, 0, 0, 0, 0, 0, 0, 0, 0, 2, OOO, 2, 0, 0, 2, NO ATTEMPT, 0, 0, 0, 0, False, False, False, False, 
Judah, 4386, COLORADO REGIONAL, Q8, FAIL, 0, 0, 0, 0, 0, 0, 0, 0, 0, SSS, 1, 0, 2, 2, PLATFORM / NO CLIMB, 0, 3, 1, 0, False, False, False, False, 
Kacey, 5899, COLORADO REGIONAL, Q8, SUCCESS, 0, 0, 0, 0, 0, 0, 0, 0, 0, OOO, 3, 0, 0, 0, NO ATTEMPT, 0, 0, 0, 0, False, False, False, True, 
Owen, 1011, COLORADO REGIONAL, Q8, SUCCESS, 2, 3, 0, 0, 1, 0, 0, 0, 6, 100, 2, 0, 3, 8, PLATFORM / NO CLIMB, 0, 1, 1, 0, True, False, True, False, 
Kacey, 2036, COLORADO REGIONAL, Q9, SUCCESS, 0, 0, 1, 1, 0, 0, 0, 0, 0, SOS, 1, 0, 2, 2, PLATFORM / NO CLIMB, 1, 1, 0, 0, True, False, False, False, 
Judah, 118, COLORADO REGIONAL, Q9, SUCCESS, 1, 1, 0, 1, 1, 0, 3, 0, 3, OSO, 2, 0, 0, 8, 110, 0, 3, 1, 1, False, False, False, False, 
Zane, 1303, COLORADO REGIONAL, Q9, SUCCESS, 0, 0, 0, 0, 0, 0, 0, 0, 0, OOO, 3, 0, 1, 0, 100, 2, 2, 1, 0, False, False, False, True, 
Sophia, 1619, COLORADO REGIONAL, Q9, NO ATTEMPT, 0, 0, 1, 2, 1, 0, 0, 4, 0, OSO, 3, 0, 1, 8, LEVITATED, 0, 0, 1, 1, True, False, False, False, 
Jazmyne, 1583, COLORADO REGIONAL, Q9, SUCCESS, 0, 0, 0, 0, 0, 0, 0, 0, 7, SOS, 2, 0, 0, 6, PLATFORM / NO CLIMB, 0, 0, 1, 0, False, False, True, False, 
Owen, 4499, COLORADO REGIONAL, Q9, SUCCESS, 0, 0, 0, 0, 0, 0, 0, 0, 5, OSO, 1, 0, 2, 6, 1, 1, 1, 1, 0, False, False, True, False, 
Judah, 3288, COLORADO REGIONAL, Q10, FAIL, 0, 0, 0, 0, 0, 0, 0, 0, 1, OOO, 1, 0, 1, 1, PLATFORM / NO CLIMB, 0, 0, 0, 0, False, False, False, False, 
Zane, 3648, COLORADO REGIONAL, Q10, SUCCESS, 0, 1, 0, 0, 0, 0, 0, 0, 0, OOO, 3, 0, 0, 0, NO ATTEMPT, 0, 0, 0, 0, False, False, False, True, 
Sophia, 4593, COLORADO REGIONAL, Q10, SUCCESS, 0, 1, 0, 0, 0, 0, 2, 0, 0, SSS, 1, 0, 3, 6, PLATFORM / NO CLIMB, 3, 3, 1, 0, False, True, False, False, 
Kacey, 4944, COLORADO REGIONAL, Q10, SUCCESS, 2, 2, 0, 0, 0, 0, 0, 0, 8, SSS, 2, 0, 1, 7, PLATFORM / NO CLIMB, 1, 1, 1, 0, False, False, True, False, 
Jazmyne, 1157, COLORADO REGIONAL, Q10, SUCCESS, 0, 0, 0, 0, 0, 0, 0, 0, 2, OOO, 2, 0, 0, 3, 100, 0, 0, 0, 0, False, False, False, False, 
Owen, 4153, COLORADO REGIONAL, Q10, SUCCESS, 0, 0, 0, 0, 0, 0, 0, 0, 0, SOS, 3, 0, 3, 3, PLATFORM / NO CLIMB, 1, 1, 1, 0, False, False, False, True, 
Owen, 1799, COLORADO REGIONAL, Q11, SUCCESS, 0, 0, 0, 0, 0, 0, 0, 0, 0, SOS, 1, 0, 1, 3, PLATFORM / NO CLIMB, 1, 0, 1, 0, False, False, False, True, 
Zane, 3005, COLORADO REGIONAL, Q11, SUCCESS, 1, 1, 0, 0, 0, 0, 1, 0, 4, OSO, 2, 0, 2, 7, PLATFORM / NO CLIMB, 0, 3, 1, 0, False, False, False, False, 
Sophia, 5414, COLORADO REGIONAL, Q11, SUCCESS, 1, 1, 0, 0, 0, 0, 0, 0, 2, SOS, 2, 0, 2, 3, NO ATTEMPT, 0, 0, 1, 0, False, False, True, False, 
Kacey, 1584, COLORADO REGIONAL, Q11, SUCCESS, 0, 0, 0, 0, 0, 0, 0, 2, 0, OSO, 3, 0, 0, 5, PLATFORM / NO CLIMB, 1, 1, 0, 0, True, False, False, False, 
Elaina, 6459, COLORADO REGIONAL, Q11, FAIL, 0, 0, 0, 0, 0, 0, 0, 0, 1, OSO, 1, 0, 3, 4, PLATFORM / NO CLIMB, 1, 3, 1, 0, False, False, False, True, 
Clowie, 5493, COLORADO REGIONAL, Q11, FAIL, 0, 0, 0, 0, 0, 0, 0, 0, 1, OOO, 3, 0, 0, 0, NO ATTEMPT, 0, 0, 0, 0, False, False, False, False, 
Owen, 5899, COLORADO REGIONAL, Q12, SUCCESS, 0, 0, 0, 0, 0, 0, 0, 0, 1, SOS, 1, 0, 1, 1, NO ATTEMPT, 0, 0, 1, 0, False, False, False, True, 
Kacey, 4388, COLORADO REGIONAL, Q12, SUCCESS, 1, 1, 0, 0, 0, 0, 0, 0, 2, SOS, 3, 0, 0, 6, LEVITATED, 0, 0, 1, 0, True, True, True, False, 
Clowie, 2083, PRACTICE, Q12, SUCCESS, 0, 0, 0, 0, 0, 0, 0, 0, 1, OOO, 3, 0, 2, 1, NO ATTEMPT, 0, 0, 0, 0, False, False, False, False, 
Taya, 4641, COLORADO REGIONAL, Q12, SUCCESS, 0, 0, 0, 0, 0, 0, 0, 0, 0, OSO, 1, 0, 2, 3, 1, 1, 0, 0, 0, False, False, False, False, 
Elaina, 4386, COLORADO REGIONAL, Q12, SUCCESS, 0, 0, 0, 0, 0, 0, 0, 0, 0, SOS, 2, 0, 3, 2, PLATFORM / NO CLIMB, 0, 0, 1, 0, False, False, False, True, 
Gabby, 3729, COLORADO REGIONAL, Q12, SUCCESS, 0, 0, 0, 0, 0, 1, 0, 0, 1, OSO, 2, 0, 0, 5, PLATFORM / NO CLIMB, 1, 0, 0, 0, True, False, False, False, 
Gabby, 2996, COLORADO REGIONAL, Q13, SUCCESS, 0, 0, 0, 0, 0, 0, 4, 0, 0, SSS, 3, 0, 1, 6, LEVITATED, 0, 1, 1, 0, False, True, False, False, 
Elaina, 5657, COLORADO REGIONAL, Q13, SUCCESS, 0, 0, 0, 0, 1, 0, 0, 0, 0, OOO, 1, 0, 1, 0, 100, 2, 0, 1, 0, False, False, False, True, 
Theo, 4068, COLORADO REGIONAL, Q13, SUCCESS, 1, 1, 0, 0, 0, 1, 0, 0, 5, OOO, 3, 0, 1, 8, 110, 1, 1, 0, 0, True, False, True, False, 
Clowie, 3374, PRACTICE, Q13, SUCCESS, 0, 0, 0, 0, 0, 0, 0, 5, 0, OOO, 1, 0, 1, 8, 100, 0, 0, 0, 0, False, False, False, False, 
Dani, 2848, COLORADO REGIONAL, Q13, SUCCESS, 1, 1, 0, 0, 0, 0, 3, 0, 0, OOO, 3, 0, 2, 7, SUCCESSFUL CLIMB, 0, 0, 0, 0, False, True, False, False, 
Taya, 1011, COLORADO REGIONAL, Q13, SUCCESS, 1, 2, 0, 0, 2, 0, 0, 0, 6, SSS, 2, 0, 1, 6, 1, 0, 1, 1, 1, False, False, True, False, 
Elaina, 5126, COLORADO REGIONAL, Q14, SUCCESS, 0, 0, 0, 0, 0, 0, 0, 0, 4, OSO, 3, 0, 2, 5, NO ATTEMPT, 0, 3, 1, 0, False, True, True, False, 
Theo, 5763, COLORADO REGIONAL, Q14, NO ATTEMPT, 0, 0, 0, 0, 0, 0, 0, 0, 0, SOS, 2, 0, 2, 3, NO ATTEMPT, 1, 1, 1, 0, False, True, False, False, 
Theo, 5763, COLORADO REGIONAL, Q14, NO ATTEMPT, 0, 0, 0, 0, 0, 0, 0, 0, 0, SOS, 2, 0, 3, 5, NO ATTEMPT, 1, 1, 1, 0, False, True, False, False, 
Dani, 1332, COLORADO REGIONAL, Q14, SUCCESS, 0, 0, 0, 0, 0, 0, 0, 0, 0, SOS, 0, 0, 3, 5, SUCCESSFUL CLIMB, 0, 0, 0, 0, False, False, False, True, 
Clowie, 1339, COLORADO REGIONAL, Q14, SUCCESS, 0, 0, 0, 0, 0, 0, 0, 0, 0, OSO, 3, 0, 0, 0, 1, 0, 0, 0, 0, False, False, False, False, 
Gabby, 1619, COLORADO REGIONAL, Q14, SUCCESS, 1, 2, 0, 0, 0, 0, 2, 0, 2, OSO, 2, 0, 1, 8, LEVITATED, 0, 1, 1, 0, False, True, False, False, 
Taya, 1410, COLORADO REGIONAL, Q14, SUCCESS, 1, 1, 0, 0, 1, 0, 0, 0, 8, SOS, 1, 0, 0, 8, 100, 1, 1, 1, 0, False, False, True, False, 
Theo, 1977, COLORADO REGIONAL, Q15, SUCCESS, 0, 1, 0, 0, 0, 0, 0, 0, 0, OOO, 3, 0, 1, 0, NO ATTEMPT, 0, 1, 0, 0, False, False, False, True, 
Dani, 2240, COLORADO REGIONAL, Q15, SUCCESS, 0, 1, 0, 0, 0, 1, 0, 0, 3, OOO, 2, 0, 2, 8, 110, 0, 0, 0, 0, False, False, False, False, 
Taya, 3807, COLORADO REGIONAL, Q15, NO ATTEMPT, 0, 0, 0, 0, 0, 0, 0, 0, 3, SOS, 3, 0, 1, 4, 1, 0, 0, 1, 0, False, False, True, False, 
Clowie, 4293, PRACTICE, Q15, SUCCESS, 0, 0, 0, 0, 0, 0, 0, 1, 0, SSS, 1, 0, 2, 6, 100, 0, 0, 0, 0, False, False, False, False, 
Gabby, 3200, COLORADO REGIONAL, Q15, SUCCESS, 0, 1, 0, 0, 0, 0, 0, 0, 0, SSS, 2, 0, 3, 6, PLATFORM / NO CLIMB, 0, 0, 1, 0, True, False, False, False, 
Dani, 4499, COLORADO REGIONAL, Q16, SUCCESS, 1, 1, 0, 0, 0, 0, 0, 0, 0, OSO, 2, 0, 0, 1, NO ATTEMPT, 0, 0, 0, 0, False, False, False, True, 
Theo, 2036, COLORADO REGIONAL, Q16, SUCCESS, 0, 0, 0, 0, 0, 0, 0, 0, 3, OSO, 1, 0, 1, 2, 100, 0, 1, 0, 0, False, False, True, False, 
Elaina, 2945, COLORADO REGIONAL, Q16, SUCCESS, 0, 0, 0, 0, 1, 0, 0, 0, 0, OOO, 3, 0, 0, 0, NO ATTEMPT, 0, 0, 1, 0, False, False, False, True, 
Gabby, 148, COLORADO REGIONAL, Q16, SUCCESS, 1, 1, 1, 1, 1, 0, 0, 3, 0, SOS, 1, 0, 0, 8, LEVITATED, 1, 1, 1, 0, True, True, False, False, 
Taya, 159, COLORADO REGIONAL, Q16, SUCCESS, 1, 1, 0, 0, 1, 0, 0, 0, 0, SOS, 2, 0, 1, 4, PLATFORM / NO CLIMB, 1, 1, 1, 0, False, False, False, False, 
Clowie, 1245, PRACTICE, Q16, SUCCESS, 0, 0, 0, 0, 0, 0, 0, 0, 8, OOO, 3, 0, 0, 8, NO ATTEMPT, 0, 0, 0, 0, False, False, False, False, 
Dani, 1730, COLORADO REGIONAL, Q17, SUCCESS, 0, 1, 0, 0, 0, 0, 0, 1, 0, OOO, 2, 0, 0, 6, PLATFORM / NO CLIMB, 0, 0, 0, 0, False, False, False, False, 
Elaina, 2261, COLORADO REGIONAL, Q17, SUCCESS, 0, 0, 0, 0, 1, 0, 0, 0, 0, OOO, 3, 0, 4, 3, NO ATTEMPT, 3, 3, 1, 0, False, False, False, True, 
Theo, 4550, COLORADO REGIONAL, Q17, SUCCESS, 0, 0, 0, 0, 0, 0, 0, 0, 8, OOO, 1, 0, 0, 8, LEVITATED, 1, 1, 1, 1, False, False, True, False, 
Clowie, 698, PRACTICE, Q17, SUCCESS, 0, 0, 0, 0, 0, 0, 0, 0, 4, SSS, 1, 0, 1, 2, 100, 0, 0, 0, 0, False, False, False, False, 
Taya, 1583, COLORADO REGIONAL, Q17, SUCCESS, 0, 0, 0, 0, 0, 0, 0, 0, 6, SSS, 2, 0, 0, 5, 1, 0, 0, 0, 0, False, False, True, False, 
Gabby, 662, COLORADO REGIONAL, Q17, SUCCESS, 0, 0, 0, 0, 0, 0, 0, 0, 0, SSS, 3, 0, 2, 5, NO ATTEMPT, 1, 1, 1, 0, True, True, False, False, 
NO NAME, 6459, COLORADO REGIONAL, Q18, NO ATTEMPT, 0, 0, 0, 0, 0, 0, 0, 0, 0, SSS, 0, 0, 1, 0, NO ATTEMPT, 0, 0, 0, 0, False, False, False, False, 
Dani, 1011, COLORADO REGIONAL, Q18, SUCCESS, 0, 2, 0, 0, 0, 0, 0, 0, 6, SSS, 2, 0, 1, 8, PLATFORM / NO CLIMB, 0, 0, 0, 1, False, False, True, False, 
Gabby, 118, COLORADO REGIONAL, Q18, NO ATTEMPT, 1, 1, 0, 1, 1, 0, 0, 0, 0, OOO, 2, 0, 3, 8, NO ATTEMPT, 1, 1, 1, 0, False, False, False, False, 
Taya, 2259, COLORADO REGIONAL, Q18, SUCCESS, 0, 0, 0, 0, 1, 0, 0, 0, 0, OOO, 3, 0, 0, 0, NO ATTEMPT, 0, 0, 0, 0, False, False, False, False, 
NO NAME, 7243, COLORADO REGIONAL, Q18, NO ATTEMPT, 0, 0, 0, 0, 0, 0, 0, 0, 0, SSS, 0, 0, 1, 0, NO ATTEMPT, 0, 0, 0, 0, False, False, False, False, 
Theo, 1332, COLORADO REGIONAL, Q18, NO ATTEMPT, 0, 0, 0, 0, 0, 0, 0, 0, 7, OOO, 1, 0, 2, 8, 110, 1, 1, 1, 0, False, False, False, False, 
Elaina, 4641, COLORADO REGIONAL, Q18, SUCCESS, 0, 0, 0, 0, 0, 0, 0, 0, 0, SSS, 3, 0, 1, 1, PLATFORM / NO CLIMB, 2, 2, 1, 0, False, False, False, True, 
Gabby, 1977, COLORADO REGIONAL, Q19, SUCCESS, 0, 0, 0, 0, 0, 0, 0, 0, 0, OSO, 2, 0, 1, 0, NO ATTEMPT, 0, 0, 0, 0, False, False, False, False, 
Theo, 1584, COLORADO REGIONAL, Q19, SUCCESS, 1, 1, 0, 0, 0, 0, 0, 1, 0, SOS, 2, 0, 2, 6, NO ATTEMPT, 0, 0, 0, 0, True, False, False, False, 
Taya, 5763, COLORADO REGIONAL, Q19, SUCCESS, 0, 0, 1, 1, 1, 2, 0, 0, 0, OSO, 1, 0, 0, 6, 1, 0, 0, 0, 0, True, False, False, False, 
Clowie, 3288, PRACTICE, Q19, FAIL, 0, 0, 0, 0, 0, 0, 0, 0, 2, OSO, 3, 0, 1, 4, 100, 0, 0, 0, 0, False, False, False, False, 
Dani, 3005, COLORADO REGIONAL, Q19, SUCCESS, 1, 1, 0, 0, 0, 0, 1, 0, 0, OOO, 2, 0, 1, 5, SUCCESSFUL CLIMB, 0, 0, 0, 0, False, True, False, False, 
Dani, 3005, COLORADO REGIONAL, Q20, SUCCESS, 1, 1, 0, 0, 0, 0, 1, 0, 0, OOO, 2, 0, 1, 5, SUCCESSFUL CLIMB, 0, 0, 0, 0, False, True, False, False, 
Clowie, 2848, PRACTICE, Q20, SUCCESS, 1, 1, 0, 0, 0, 0, 1, 0, 0, OOO, 2, 0, 2, 8, LEVITATED, 0, 0, 0, 0, False, False, False, False, 
Taya, 5899, COLORADO REGIONAL, Q20, SUCCESS, 0, 0, 0, 0, 0, 0, 0, 0, 0, SSS, 2, 0, 0, 0, NO ATTEMPT, 1, 1, 1, 0, False, False, False, False, 
Gabby, 1245, COLORADO REGIONAL, Q20, SUCCESS, 0, 0, 0, 0, 0, 0, 0, 0, 8, SSS, 1, 0, 3, 8, PLATFORM / NO CLIMB, 1, 1, 1, 0, False, False, True, False, 
Theo, 5126, COLORADO REGIONAL, Q20, SUCCESS, 0, 0, 0, 0, 0, 0, 0, 0, 6, OOO, 1, 0, 0, 7, NO ATTEMPT, 1, 1, 0, 0, True, False, True, False, 
Elaina, 3200, COLORADO REGIONAL, Q20, SUCCESS, 0, 0, 0, 0, 1, 0, 0, 0, 0, OOO, 3, 0, 2, 1, PLATFORM / NO CLIMB, 0, 0, 1, 0, False, False, False, True, 
Dani, 1583, COLORADO REGIONAL, Q21, SUCCESS, 0, 0, 0, 0, 0, 0, 0, 0, 5, OOO, 3, 0, 0, 5, PLATFORM / NO CLIMB, 0, 0, 1, 0, False, False, True, False, 
Elaina, 2083, COLORADO REGIONAL, Q21, SUCCESS, 0, 0, 0, 0, 0, 0, 0, 0, 0, OOO, 1, 0, 0, 0, PLATFORM / NO CLIMB, 1, 0, 1, 0, False, False, False, False, 
Theo, 1730, COLORADO REGIONAL, Q21, NO ATTEMPT, 0, 0, 0, 0, 0, 0, 0, 0, 0, OOO, 2, 0, 1, 6, NO ATTEMPT, 1, 1, 1, 0, True, True, False, False, 
Gabby, 698, COLORADO REGIONAL, Q21, SUCCESS, 0, 0, 0, 0, 0, 0, 0, 0, 6, SSS, 1, 0, 1, 5, PLATFORM / NO CLIMB, 2, 1, 1, 0, False, False, True, False, 
Taya, 2036, COLORADO REGIONAL, Q21, SUCCESS, 0, 0, 0, 0, 0, 0, 0, 0, 0, SSS, 3, 0, 1, 2, NO ATTEMPT, 1, 1, 1, 0, False, False, False, False, 
Clowie, 3374, PRACTICE, Q21, SUCCESS, 1, 1, 0, 0, 0, 0, 0, 0, 2, OOO, 2, 0, 1, 3, 100, 0, 0, 0, 0, False, False, False, False, 
Elaina, 4388, COLORADO REGIONAL, Q22, SUCCESS, 0, 0, 0, 0, 1, 0, 0, 0, 0, SSS, 3, 0, 3, 2, PLATFORM / NO CLIMB, 0, 0, 1, 0, False, False, False, True, 
Dani, 5414, COLORADO REGIONAL, Q22, SUCCESS, 1, 1, 0, 0, 0, 0, 0, 0, 2, SSS, 2, 0, 3, 7, PLATFORM / NO CLIMB, 0, 0, 0, 0, False, False, True, False, 
Theo, 4293, COLORADO REGIONAL, Q22, SUCCESS, 0, 1, 0, 0, 0, 0, 0, 0, 4, SSS, 1, 0, 1, 7, LEVITATED, 0, 0, 0, 0, True, False, True, False, 
Taya, 148, HOUSTON, Q22, SUCCESS, 1, 1, 0, 1, 1, 0, 0, 1, 4, OOO, 1, 0, 1, 8, 1, 1, 1, 1, 1, False, False, False, False, 
Clowie, 4593, PRACTICE, Q22, SUCCESS, 0, 0, 0, 0, 0, 0, 0, 0, 2, OOO, 2, 0, 1, 7, NO ATTEMPT, 0, 0, 0, 0, False, False, False, False, 
Gabby, 1303, COLORADO REGIONAL, Q22, SUCCESS, 0, 0, 0, 0, 0, 0, 0, 0, 1, OOO, 3, 0, 1, 0, PLATFORM / NO CLIMB, 0, 1, 1, 0, False, False, False, True, 
Theo, 662, COLORADO REGIONAL, Q23, SUCCESS, 0, 0, 0, 0, 0, 0, 0, 0, 0, 11, 1, 0, 1, 2, LEVITATED, 1, 1, 1, 0, True, False, False, False, 
Dani, 2996, COLORADO REGIONAL, Q23, SUCCESS, 1, 1, 0, 0, 0, 2, 0, 0, 6, SOS, 2, 0, 0, 8, 11, 0, 1, 1, 1, True, False, True, False, 
Taya, 1619, COLORADO REGIONAL, Q23, SUCCESS, 0, 0, 2, 2, 2, 0, 0, 4, 0, SOS, 3, 0, 3, 8, PLATFORM / NO CLIMB, 0, 1, 1, 1, True, False, False, False, 
Elaina, 4944, COLORADO REGIONAL, Q23, NO ATTEMPT, 1, 1, 0, 0, 2, 0, 0, 0, 8, 11, 2, 0, 0, 8, NO ATTEMPT, 3, 3, 1, 1, False, False, True, False, 
Gabby, 3648, COLORADO REGIONAL, Q23, SUCCESS, 0, 0, 0, 0, 0, 0, 0, 0, 0, OSO, 3, 0, 1, 1, PLATFORM / NO CLIMB, 1, 1, 1, 0, False, False, False, True, 
Clowie, 5493, PRACTICE, Q23, SUCCESS, 0, 0, 0, 0, 0, 0, 0, 0, 0, OOO, 1, 0, 1, 0, NO ATTEMPT, 0, 0, 0, 0, False, False, False, False, 
Dani, 1410, COLORADO REGIONAL, Q24, SUCCESS, 1, 1, 0, 0, 0, 2, 0, 0, 8, OSO, 2, 0, 0, 8, PLATFORM / NO CLIMB, 0, 0, 0, 1, False, False, True, False, 
Theo, 5657, COLORADO REGIONAL, Q24, FAIL, 0, 0, 0, 0, 0, 0, 0, 0, 0, OSO, 3, 0, 1, 1, NO ATTEMPT, 1, 1, 1, 0, False, False, False, True, 
Elaina, 6459, COLORADO REGIONAL, Q24, FAIL, 0, 1, 0, 0, 1, 0, 0, 0, 0, OSO, 1, 0, 1, 0, PLATFORM / NO CLIMB, 2, 2, 1, 0, False, False, False, True, 
Clowie, 4499, COLORADO REGIONAL, Q24, SUCCESS, 1, 1, 0, 0, 0, 0, 0, 0, 8, OOO, 3, 0, 0, 8, NO ATTEMPT, 0, 0, 0, 0, False, False, False, False, 
Taya, 2261, COLORADO REGIONAL, Q24, NO ATTEMPT, 0, 0, 0, 0, 1, 0, 0, 0, 0, SOS, 3, 0, 2, 2, NO ATTEMPT, 1, 1, 1, 0, False, False, False, False, 
Gabby, 159, COLORADO REGIONAL, Q24, SUCCESS, 0, 0, 0, 0, 0, 0, 0, 3, 0, SOS, 2, 0, 0, 8, NO ATTEMPT, 1, 1, 1, 0, True, False, False, False, 
Theo, 4153, COLORADO REGIONAL, Q25, SUCCESS, 0, 0, 0, 0, 0, 0, 0, 0, 0, SOS, 3, 0, 2, 2, 110, 0, 1, 0, 0, False, True, False, True, 
Elaina, 2240, COLORADO REGIONAL, Q25, SUCCESS, 1, 1, 0, 0, 1, 0, 0, 0, 0, SSS, 2, 0, 1, 4, LEVITATED, 3, 3, 1, 0, False, True, False, False, 
Clowie, 4068, PRACTICE, Q25, SUCCESS, 0, 0, 0, 0, 0, 0, 0, 0, 5, OOO, 1, 0, 1, 8, 100, 0, 0, 0, 0, False, False, False, False, 
Taya, 2945, COLORADO REGIONAL, Q25, SUCCESS, 0, 0, 0, 0, 0, 0, 0, 0, 0, OSO, 3, 0, 2, 4, NO ATTEMPT, 1, 1, 1, 0, False, False, False, False, 
Gabby, 4550, COLORADO REGIONAL, Q25, SUCCESS, 1, 1, 0, 0, 0, 0, 1, 0, 0, OSO, 2, 0, 2, 6, PLATFORM / NO CLIMB, 1, 1, 1, 0, False, True, False, False, 
Dani, 1339, COLORADO REGIONAL, Q25, SUCCESS, 0, 0, 0, 0, 0, 0, 1, 0, 1, SOS, 1, 0, 1, 8, NO ATTEMPT, 0, 0, 0, 1, True, True, True, False, 
Dani, 4388, COLORADO REGIONAL, Q26, SUCCESS, 1, 1, 0, 0, 0, 0, 0, 0, 0, SOS, 2, 0, 1, 5, PLATFORM / NO CLIMB, 0, 0, 0, 0, True, False, False, False, 
Taya, 7243, COLORADO REGIONAL, Q26, SUCCESS, 0, 0, 0, 0, 0, 0, 0, 0, 0, OSO, 3, 0, 0, 0, 1, 0, 1, 1, 0, False, False, False, True, 
Elaina, 1157, COLORADO REGIONAL, Q26, SUCCESS, 0, 0, 1, 1, 1, 0, 0, 0, 0, SOS, 3, 0, 1, 3, 110, 0, 0, 0, 0, False, False, False, False, 
Gabby, 2259, COLORADO REGIONAL, Q26, FAIL, 0, 0, 0, 0, 0, 0, 0, 0, 0, OSO, 2, 0, 4, 7, PLATFORM / NO CLIMB, 0, 1, 1, 0, True, False, False, True, 
Owen, 3807, COLORADO REGIONAL, Q26, NO ATTEMPT, 0, 0, 0, 0, 0, 0, 0, 0, 4, OSO, 1, 0, 1, 5, PLATFORM / NO CLIMB, 1, 0, 1, 0, False, False, True, False, 
Theo, 1799, COLORADO REGIONAL, Q26, SUCCESS, 0, 0, 0, 0, 0, 0, 0, 0, 3, SOS, 1, 0, 2, 3, NO ATTEMPT, 0, 1, 0, 0, False, False, True, False, 
Theo, 1977, COLORADO REGIONAL, Q27, SUCCESS, 0, 0, 0, 0, 0, 0, 0, 0, 0, OOO, 3, 0, 2, 0, NO ATTEMPT, 0, 1, 1, 0, False, False, False, True, 
Elaina, 2996, COLORADO REGIONAL, Q27, SUCCESS, 1, 1, 0, 0, 1, 0, 1, 0, 3, OOO, 2, 0, 1, 8, 110, 0, 3, 1, 1, False, True, False, False, 
Dani, 5899, COLORADO REGIONAL, Q27, SUCCESS, 0, 0, 0, 0, 0, 0, 0, 0, 4, OOO, 1, 0, 1, 5, PLATFORM / NO CLIMB, 0, 0, 0, 0, False, False, True, False, 
Owen, 4593, COLORADO REGIONAL, Q27, NO ATTEMPT, 0, 0, 0, 0, 0, 0, 0, 0, 0, SSS, 1, 0, 0, 0, NO ATTEMPT, 1, 1, 1, 0, False, False, False, True, 
Gabby, 1332, COLORADO REGIONAL, Q27, SUCCESS, 0, 0, 0, 0, 0, 1, 0, 0, 0, 11, 3, 0, 4, 8, 110, 1, 1, 1, 0, True, False, False, False, 
Taya, 1583, COLORADO REGIONAL, Q27, SUCCESS, 0, 0, 0, 0, 1, 0, 0, 0, 7, SSS, 1, 0, 0, 6, 1, 1, 1, 1, 1, False, False, True, False, 
Anai, 3648, COLORADO REGIONAL, Q28, NO ATTEMPT, 0, 0, 0, 0, 0, 0, 0, 0, 0, OOO, 2, 0, 5, 2, PLATFORM / NO CLIMB, 0, 0, 0, 0, False, False, False, True, 
Sophia, 4641, COLORADO REGIONAL, Q28, SUCCESS, 0, 0, 0, 0, 0, 0, 0, 0, 0, SSS, 3, 0, 0, 0, PLATFORM / NO CLIMB, 0, 0, 0, 0, False, False, False, True, 
Kacey, 3005, COLORADO REGIONAL, Q28, NO ATTEMPT, 0, 0, 0, 0, 0, 0, 0, 0, 1, OOO, 2, 0, 1, 6, LEVITATED, 0, 0, 0, 0, False, True, False, False, 
Zane, 2261, COLORADO REGIONAL, Q28, SUCCESS, 0, 1, 0, 0, 0, 0, 0, 0, 2, SSS, 1, 0, 0, 2, NO ATTEMPT, 0, 0, 0, 0, False, False, False, True, 
Owen, 1303, COLORADO REGIONAL, Q28, SUCCESS, 0, 0, 0, 0, 0, 0, 0, 0, 0, OOO, 3, 0, 1, 0, 100, 0, 0, 0, 0, False, False, False, True, 
Anai, 2945, COLORADO REGIONAL, Q29, FAIL, 0, 0, 0, 0, 0, 0, 0, 0, 0, SOS, 3, 0, 1, 2, PLATFORM / NO CLIMB, 3, 3, 1, 0, False, False, False, False, 
Owen, 159, COLORADO REGIONAL, Q29, SUCCESS, 1, 1, 0, 0, 0, 1, 0, 0, 8, SOS, 2, 0, 0, 8, NO ATTEMPT, 1, 0, 1, 0, True, False, True, False, 
Kacey, 1619, COLORADO REGIONAL, Q29, SUCCESS, 0, 0, 2, 2, 0, 0, 0, 0, 0, OOO, 1, 0, 3, 4, FAILED CLIMB, 0, 0, 0, 1, False, True, False, False, 
Zane, 4418, COLORADO REGIONAL, Q29, SUCCESS, 0, 0, 0, 0, 0, 0, 0, 0, 0, OOO, 3, 0, 0, 1, NO ATTEMPT, 0, 0, 0, 0, False, False, False, True, 
Kacey, 148, COLORADO REGIONAL, Q29, SUCCESS, 0, 1, 0, 0, 1, 0, 2, 0, 1, SOS, 3, 0, 1, 8, LEVITATED, 0, 0, 0, 1, True, True, True, False, 
Sophia, 1011, COLORADO REGIONAL, Q29, SUCCESS, 1, 2, 0, 0, 1, 0, 0, 0, 6, SSS, 2, 0, 2, 8, FAILED CLIMB, 0, 3, 1, 1, False, False, False, False, 
Sophia, 698, COLORADO REGIONAL, Q32, SUCCESS, 0, 0, 0, 0, 0, 0, 0, 0, 5, OOO, 2, 0, 0, 3, NO ATTEMPT, 1, 2, 1, 0, False, False, False, False, 
Jazmyne, 1, COLORADO REGIONAL, Q32, SUCCESS, 1, 1, 0, 0, 1, 0, 0, 0, 0, OOO, 2, 0, 0, 6, NO ATTEMPT, 0, 0, 0, 0, False, False, False, False, 
Kacey, 4944, COLORADO REGIONAL, Q30, NO ATTEMPT, 2, 3, 0, 0, 0, 2, 0, 2, 3, SSS, 2, 0, 2, 8, PLATFORM / NO CLIMB, 0, 0, 1, 1, True, False, False, False, 
Zane, 2083, COLORADO REGIONAL, Q32, SUCCESS, 0, 0, 0, 0, 0, 0, 0, 0, 0, OOO, 1, 0, 0, 0, PLATFORM / NO CLIMB, 0, 0, 0, 0, False, False, False, True, 
Owen, 5414, COLORADO REGIONAL, Q32, SUCCESS, 0, 0, 0, 1, 0, 0, 0, 0, 2, SSS, 1, 0, 1, 3, PLATFORM / NO CLIMB, 1, 0, 1, 0, False, False, False, True, 
Anai, 1339, COLORADO REGIONAL, Q32, SUCCESS, 0, 0, 0, 0, 0, 0, 0, 0, 0, SSS, 3, 0, 2, 0, NO ATTEMPT, 0, 0, 1, 0, False, False, False, False, 
Kacey, 1410, COLORADO REGIONAL, Q30, SUCCESS, 0, 0, 0, 0, 0, 0, 0, 0, 8, SSS, 3, 0, 0, 5, PLATFORM / NO CLIMB, 1, 1, 1, 0, False, False, True, False, 
Anai, 5126, COLORADO REGIONAL, Q30, SUCCESS, 0, 0, 0, 0, 0, 0, 0, 0, 0, SSS, 1, 0, 0, 1, NO ATTEMPT, 0, 0, 1, 0, False, False, False, True, 
Owen, 4388, COLORADO REGIONAL, Q30, SUCCESS, 1, 1, 0, 0, 0, 0, 0, 0, 2, SSS, 2, 0, 0, 8, LEVITATED, 0, 0, 1, 0, True, True, True, False, 
Sophia, 2240, COLORADO REGIONAL, Q30, SUCCESS, 0, 0, 0, 0, 0, 0, 0, 0, 6, OOO, 3, 0, 1, 8, 110, 2, 1, 1, 1, True, False, True, False, 
Kacey, 1157, COLORADO REGIONAL, Q30, SUCCESS, 0, 0, 0, 0, 0, 0, 0, 0, 0, OOO, 1, 0, 6, 2, PLATFORM / NO CLIMB, 1, 1, 1, 0, False, True, False, True, 
Zane, 3374, COLORADO REGIONAL, Q30, SUCCESS, 1, 1, 0, 0, 0, 0, 0, 2, 0, OOO, 2, 0, 3, 8, PLATFORM / NO CLIMB, 2, 3, 1, 0, True, False, False, False, 
Jazmyne, 5493, COLORADO REGIONAL, Q30, SUCCESS, 0, 0, 0, 0, 0, 0, 0, 0, 1, SSS, 3, 0, 1, 1, NO ATTEMPT, 0, 0, 1, 0, False, False, False, True, 
Sophia, 4550, COLORADO REGIONAL, Q31, SUCCESS, 1, 1, 0, 0, 0, 0, 0, 1, 0, SSS, 2, 0, 1, 5, LEVITATED, 3, 3, 1, 0, True, False, False, False, 
Zane, 3729, COLORADO REGIONAL, Q31, NO ATTEMPT, 0, 0, 0, 0, 0, 0, 0, 0, 0, OOO, 0, 0, 0, 0, NO ATTEMPT, 0, 0, 0, 0, False, False, False, False, 
Jazmyne, 7243, COLORADO REGIONAL, Q31, SUCCESS, 0, 0, 0, 0, 0, 0, 0, 0, 1, OOO, 2, 0, 1, 3, PLATFORM / NO CLIMB, 0, 0, 0, 0, False, False, False, True, 
Anai, 2036, PRACTICE, Q31, SUCCESS, 0, 0, 0, 0, 0, 0, 0, 0, 0, SSS, 0, 0, 0, 2, PLATFORM / NO CLIMB, 3, 3, 1, 0, False, False, False, True, 
Owen, 7243, PRACTICE, Q31, SUCCESS, 0, 0, 0, 0, 0, 0, 0, 0, 0, OOO, 2, 0, 0, 0, PLATFORM / NO CLIMB, 1, 1, 1, 0, False, False, False, True, 
Anai, 5657, COLORADO REGIONAL, Q31, FAIL, 1, 1, 0, 0, 0, 0, 0, 0, 0, OOO, 3, 0, 0, 2, NO ATTEMPT, 0, 0, 0, 0, False, False, False, True, 
Anai, 5657, COLORADO REGIONAL, Q33, FAIL, 1, 1, 0, 0, 0, 0, 0, 0, 0, OOO, 3, 0, 0, 2, NO ATTEMPT, 0, 0, 0, 0, False, False, False, True, 
Owen, 4293, COLORADO REGIONAL, Q33, SUCCESS, 0, 0, 0, 0, 0, 0, 0, 0, 0, OOO, 1, 0, 1, 7, LEVITATED, 1, 0, 1, 0, False, True, False, False, 
Sophia, 3288, COLORADO REGIONAL, Q33, SUCCESS, 0, 0, 0, 0, 0, 0, 0, 0, 0, SOS, 1, 0, 1, 1, FAILED CLIMB, 0, 0, 0, 0, False, False, False, True, 
Zane, 1584, COLORADO REGIONAL, Q33, SUCCESS, 1, 1, 0, 0, 0, 0, 0, 0, 0, SSS, 2, 0, 1, 4, 1, 0, 0, 1, 0, True, False, False, False, 
Jazmyne, 2259, COLORADO REGIONAL, Q33, SUCCESS, 0, 0, 0, 0, 0, 0, 0, 0, 2, SSS, 3, 0, 1, 3, PLATFORM / NO CLIMB, 0, 0, 0, 0, False, False, False, True, 
Sophia, 2848, COLORADO REGIONAL, Q34, SUCCESS, 1, 1, 0, 0, 0, 0, 0, 0, 0, SOS, 2, 0, 1, 8, 110, 0, 0, 1, 1, True, True, False, False, 
Owen, 662, COLORADO REGIONAL, Q34, SUCCESS, 0, 1, 0, 0, 0, 0, 0, 0, 1, SSS, 3, 0, 4, 8, 100, 0, 0, 1, 0, True, False, True, False, 
Kacey, 1245, COLORADO REGIONAL, Q32, SUCCESS, 0, 0, 0, 0, 0, 0, 0, 0, 8, OOO, 2, 0, 0, 8, PLATFORM / NO CLIMB, 1, 1, 1, 0, False, False, True, False, 
Sophia, 1011, COLORADO REGIONAL, Q36, SUCCESS, 1, 1, 0, 0, 0, 0, 0, 2, 8, SOS, 2, 0, 3, 8, NO ATTEMPT, 0, 3, 1, 1, True, False, True, False, 
Jazmyne, 159, COLORADO REGIONAL, Q36, SUCCESS, 0, 0, 0, 0, 0, 0, 2, 0, 0, SSS, 1, 0, 1, 7, PLATFORM / NO CLIMB, 0, 1, 1, 0, False, False, False, False, 
Kacey, 2996, COLORADO REGIONAL, Q36, SUCCESS, 1, 1, 0, 0, 0, 0, 2, 0, 0, OSO, 2, 0, 0, 1, LEVITATED, 0, 1, 1, 0, False, True, False, False, 
Zane, 5493, COLORADO REGIONAL, Q36, SUCCESS, 0, 0, 0, 0, 0, 0, 0, 0, 0, OOO, 3, 0, 0, 0, PLATFORM / NO CLIMB, 0, 1, 1, 0, False, False, False, True, 
Owen, 2083, COLORADO REGIONAL, Q36, SUCCESS, 0, 0, 0, 0, 0, 0, 0, 0, 0, OOO, 1, 0, 0, 0, NO ATTEMPT, 0, 0, 0, 0, False, False, False, True, 
Anai, 2261, COLORADO REGIONAL, Q36, SUCCESS, 1, 1, 0, 0, 0, 0, 0, 0, 0, OOO, 3, 0, 1, 1, NO ATTEMPT, 0, 0, 0, 0, False, False, False, True, 
Sophia, 3807, COLORADO REGIONAL, Q35, SUCCESS, 0, 0, 0, 0, 0, 0, 0, 0, 2, SOS, 3, 0, 0, 1, NO ATTEMPT, 3, 0, 1, 0, False, False, False, True, 
Kacey, 4386, COLORADO REGIONAL, Q35, SUCCESS, 0, 0, 0, 0, 0, 0, 0, 0, 0, SSS, 1, 0, 0, 2, NO ATTEMPT, 1, 0, 1, 0, True, False, False, False, 
Owen, 4153, COLORADO REGIONAL, Q35, SUCCESS, 0, 1, 0, 0, 0, 0, 0, 0, 0, OOO, 1, 0, 1, 2, PLATFORM / NO CLIMB, 1, 1, 1, 0, False, False, False, True, 
Zane, 1410, COLORADO REGIONAL, Q35, SUCCESS, 1, 1, 0, 0, 0, 0, 0, 0, 8, OOO, 3, 0, 0, 8, PLATFORM / NO CLIMB, 1, 1, 1, 1, True, False, True, False, 
Jazmyne, 6459, COLORADO REGIONAL, Q35, FAIL, 0, 0, 0, 0, 0, 0, 0, 0, 3, OOO, 0, 0, 0, 4, PLATFORM / NO CLIMB, 0, 0, 0, 0, False, False, False, True, 
Anai, 1730, COLORADO REGIONAL, Q35, SUCCESS, 1, 1, 0, 0, 0, 0, 0, 2, 0, OOO, 2, 0, 0, 8, PLATFORM / NO CLIMB, 0, 0, 1, 0, True, False, False, False, 
Anai, 5763, COLORADO REGIONAL, DEFAULT, SUCCESS, 0, 0, 1, 1, 0, 0, 0, 0, 0, SSS, 1, 0, 2, 5, 10000, 0, 0, 0, 0, False, False, False, True, 
Anai, 5763, COLORADO REGIONAL, Q33, SUCCESS, 0, 0, 1, 1, 0, 0, 0, 0, 0, SSS, 1, 0, 2, 5, 10000, 0, 0, 0, 0, False, False, False, True, 
Jazmyne, 1799, COLORADO REGIONAL, Q34, FAIL, 0, 0, 0, 0, 0, 0, 0, 0, 0, OOO, 0, 0, 0, 0, 10000, 0, 0, 0, 0, False, False, False, False, 
Kacey, 148, COLORADO REGIONAL, Q33, SUCCESS, 3, 3, 1, 1, 0, 0, 4, 0, 0, OSO, 3, 0, 0, 8, 1110, 0, 3, 1, 0, False, False, False, False, 
Sophia, 1339, COLORADO REGIONAL, Q38, SUCCESS, 1, 1, 0, 0, 0, 0, 0, 0, 2, SOS, 2, 0, 0, 8, 10000, 2, 0, 1, 0, True, True, False, False, 
Zane, 5657, COLORADO REGIONAL, Q38, SUCCESS, 0, 0, 0, 0, 0, 0, 0, 0, 0, OSO, 1, 0, 1, 0, 10000, 1, 1, 0, 0, False, False, False, True, 
Jazmyne, 1583, COLORADO REGIONAL, Q38, FAIL, 0, 0, 0, 0, 0, 0, 0, 0, 5, OSO, 1, 0, 1, 6, 10010, 0, 0, 0, 0, False, False, False, False, 
Owen, 1584, COLORADO REGIONAL, Q38, SUCCESS, 0, 0, 0, 0, 0, 0, 0, 2, 0, SOS, 3, 0, 0, 5, 10000, 0, 0, 1, 0, True, False, False, False, 
Anai, 1157, COLORADO REGIONAL, Q38, SUCCESS, 1, 1, 0, 0, 0, 0, 0, 0, 3, SOS, 1, 0, 2, 4, 10100, 0, 0, 0, 0, False, False, True, False, 
Dani, 3374, COLORADO REGIONAL, Q38, SUCCESS, 1, 1, 0, 0, 0, 0, 0, 2, 0, OOO, 2, 0, 3, 8, 10010, 0, 0, 0, 0, True, False, False, False, 
Jazmyne, 5414, COLORADO REGIONAL, Q37, SUCCESS, 1, 1, 0, 0, 0, 0, 0, 0, 4, OOO, 2, 0, 0, 3, 10000, 1, 1, 1, 0, False, False, True, False, 
Sophia, 5126, COLORADO REGIONAL, Q37, SUCCESS, 1, 1, 0, 0, 0, 0, 0, 0, 0, SSS, 1, 0, 2, 4, 11100, 0, 0, 0, 0, False, True, False, False, 
Zane, 1, COLORADO REGIONAL, Q37, SUCCESS, 0, 0, 1, 1, 1, 0, 1, 0, 0, OOO, 1, 0, 1, 7, 11000, 1, 1, 1, 0, False, False, False, False, 
Owen, 2259, COLORADO REGIONAL, Q37, NO ATTEMPT, 0, 0, 0, 0, 0, 0, 0, 0, 0, SSS, 3, 0, 0, 1, PLATFORM / NO CLIMB, 1, 3, 1, 0, False, False, False, True, 
Dani, 3648, COLORADO REGIONAL, Q37, NO ATTEMPT, 0, 0, 0, 0, 0, 0, 0, 0, 4, OOO, 3, 0, 0, 4, 10000, 0, 0, 0, 0, False, False, True, True, 
Anai, 1245, COLORADO REGIONAL, Q37, FAIL, 0, 0, 0, 0, 0, 0, 0, 0, 7, SSS, 2, 0, 0, 7, 10000, 3, 1, 1, 0, False, False, False, False, 
Dani, 2083, COLORADO REGIONAL, Q40, NO ATTEMPT, 0, 0, 0, 0, 0, 0, 0, 0, 0, OOO, 0, 0, 3, 7, 10110, 0, 0, 0, 0, False, True, False, True, 
Gabby, 5899, COLORADO REGIONAL, Q40, SUCCESS, 0, 0, 0, 0, 0, 0, 0, 0, 0, SSS, 3, 0, 0, 0, 10000, 0, 0, 0, 0, False, False, False, False, 
Elaina, 3200, COLORADO REGIONAL, Q40, SUCCESS, 0, 1, 0, 0, 1, 0, 0, 0, 0, OOO, 1, 0, 4, 6, 10010, 0, 0, 0, 0, False, False, False, False, 
Zane, 6459, COLORADO REGIONAL, Q40, SUCCESS, 0, 0, 0, 0, 0, 0, 0, 0, 1, OOO, 0, 0, 2, 2, 10010, 0, 0, 0, 0, False, False, False, False, 
Taya, 1799, COLORADO REGIONAL, Q40, SUCCESS, 0, 0, 0, 0, 0, 0, 0, 0, 0, SSS, 1, 0, 0, 2, 10000, 0, 0, 0, 0, False, False, False, False, 
Sophia, 2036, COLORADO REGIONAL, Q40, SUCCESS, 0, 0, 0, 0, 0, 0, 0, 0, 1, OOO, 3, 0, 1, 3, 10000, 0, 0, 0, 0, False, False, False, True, 
Zane, 4068, COLORADO REGIONAL, Q39, SUCCESS, 0, 0, 0, 0, 0, 0, 0, 0, 7, OOO, 3, 0, 1, 8, 10001, 0, 0, 0, 0, False, False, False, False, 
Jazmyne, 3807, COLORADO REGIONAL, Q39, SUCCESS, 2, 2, 0, 0, 1, 0, 4, 0, 0, OOO, 0, 0, 1, 8, 11000, 0, 0, 0, 0, False, True, False, False, 
Jazmyne, 3807, COLORADO REGIONAL, Q39, SUCCESS, 2, 2, 0, 0, 1, 0, 4, 0, 0, OOO, 0, 0, 1, 8, 11000, 0, 0, 0, 0, False, True, False, False, 
Dani, 3374, COLORADO REGIONAL, Q39, SUCCESS, 2, 2, 0, 0, 1, 0, 4, 0, 0, OOO, 2, 0, 2, 8, 11010, 0, 0, 0, 0, False, True, False, False, 
Owen, 148, COLORADO REGIONAL, Q39, SUCCESS, 2, 2, 1, 1, 2, 0, 2, 1, 0, 110, 1, 0, 0, 8, 10000, 1, 0, 1, 0, True, True, False, False, 
Anai, 4641, COLORADO REGIONAL, Q39, SUCCESS, 0, 0, 0, 0, 0, 0, 0, 0, 0, SSS, 3, 0, 2, 0, 10000, 0, 0, 0, 0, False, False, False, True, 
Sophia, 3288, COLORADO REGIONAL, Q39, SUCCESS, 0, 0, 0, 0, 0, 0, 0, 0, 0, OOO, 1, 0, 1, 1, 10000, 3, 1, 1, 0, False, False, False, True, 
Zane, 4388, COLORADO REGIONAL, Q41, SUCCESS, 0, 0, 1, 1, 1, 0, 0, 0, 0, OOO, 2, 0, 2, 5, 11000, 0, 1, 1, 0, True, True, False, False, 
Elaina, 1730, COLORADO REGIONAL, Q41, SUCCESS, 0, 0, 0, 0, 1, 0, 0, 0, 8, OSO, 0, 0, 1, 8, 10000, 0, 0, 0, 0, False, False, True, False, 
Taya, 4418, COLORADO REGIONAL, Q41, SUCCESS, 0, 0, 0, 0, 0, 0, 0, 0, 0, SOS, 3, 0, 0, 0, 10000, 0, 0, 0, 0, False, False, False, True, 
Dani, 2848, COLORADO REGIONAL, Q41, NO ATTEMPT, 0, 0, 0, 0, 0, 0, 0, 0, 0, OSO, 3, 0, 0, 1, 10010, 0, 0, 0, 0, False, False, False, False, 
Gabby, 4944, COLORADO REGIONAL, Q41, SUCCESS, 1, 1, 0, 0, 0, 1, 0, 0, 6, SOS, 2, 0, 3, 8, 10000, 1, 1, 1, 0, True, False, True, False, 
Julia, 1303, COLORADO REGIONAL, Q41, SUCCESS, 0, 0, 0, 0, 0, 0, 0, 0, 0, SOS, 1, 0, 1, 0, 10110, 0, 0, 0, 0, False, False, False, False, 
Theo, 2945, COLORADO REGIONAL, Q42, SUCCESS, 0, 0, 0, 0, 0, 0, 0, 0, 0, SOS, 1, 0, 0, 4, 10000, 0, 0, 0, 0, True, False, False, True, 
Dani, 4293, COLORADO REGIONAL, Q42, SUCCESS, 0, 1, 0, 0, 0, 0, 0, 0, 6, OSO, 3, 0, 0, 6, 10010, 0, 0, 0, 0, False, False, True, False, 
Taya, 4499, COLORADO REGIONAL, Q42, SUCCESS, 0, 0, 0, 0, 2, 0, 0, 2, 3, OOO, 2, 0, 0, 8, 10000, 0, 1, 1, 0, False, False, False, False, 
Gabby, 662, COLORADO REGIONAL, Q42, SUCCESS, 0, 0, 0, 0, 0, 0, 0, 0, 1, SOS, 3, 0, 2, 5, 10100, 0, 0, 0, 0, True, False, False, False, 
Taya, 4153, COLORADO REGIONAL, Q42, FAIL, 0, 1, 0, 0, 0, 0, 0, 0, 0, OOO, 2, 0, 0, 1, 10000, 1, 0, 0, 0, False, False, False, False, 
Zane, 5763, COLORADO REGIONAL, Q42, SUCCESS, 0, 0, 1, 1, 1, 0, 0, 0, 0, OSO, 1, 0, 1, 6, 10010, 1, 1, 1, 0, True, True, False, False, 
Elaina, 3729, COLORADO REGIONAL, Q42, SUCCESS, 0, 0, 0, 0, 1, 0, 0, 2, 2, OSO, 2, 0, 1, 8, 10010, 3, 3, 1, 0, True, False, True, False, 
Dani, 4593, COLORADO REGIONAL, Q43, SUCCESS, 0, 1, 0, 0, 0, 0, 0, 0, 0, OOO, 3, 0, 3, 7, 10010, 0, 0, 0, 0, False, False, False, True, 
Gabby, 1977, COLORADO REGIONAL, Q43, SUCCESS, 0, 0, 0, 0, 0, 0, 0, 0, 1, OOO, 1, 0, 0, 1, 10010, 0, 1, 1, 0, False, False, False, False, 
Elaina, 3005, COLORADO REGIONAL, Q43, SUCCESS, 2, 2, 0, 0, 2, 0, 0, 2, 1, SSS, 2, 0, 0, 2, 10010, 0, 3, 1, 0, True, False, False, False, 
Zane, 4550, COLORADO REGIONAL, Q43, SUCCESS, 0, 0, 1, 1, 1, 0, 0, 0, 2, SSS, 1, 0, 1, 5, 11000, 0, 0, 0, 0, False, True, True, False, 
Theo, 7243, COLORADO REGIONAL, Q43, FAIL, 0, 0, 0, 0, 0, 0, 0, 0, 0, OOO, 3, 0, 1, 0, 10000, 0, 1, 1, 0, False, False, False, True, 
Dani, 1799, COLORADO REGIONAL, Q43, SUCCESS, 0, 0, 0, 0, 0, 0, 0, 0, 1, SSS, 3, 0, 2, 5, 10000, 0, 0, 0, 0, False, False, False, True, 
Gabby, 4386, COLORADO REGIONAL, Q44, SUCCESS, 0, 0, 0, 0, 0, 0, 0, 0, 0, OOO, 1, 0, 0, 0, 10001, 0, 1, 1, 0, True, False, False, False, 
Elaina, 1619, COLORADO REGIONAL, Q44, SUCCESS, 2, 2, 0, 0, 2, 0, 0, 0, 1, OOO, 2, 0, 1, 5, 11000, 0, 3, 1, 0, False, True, False, False, 
Zane, 4593, COLORADO REGIONAL, Q44, NO ATTEMPT, 2, 2, 0, 0, 1, 0, 0, 0, 1, SSS, 2, 0, 3, 5, 11000, 0, 0, 1, 0, True, False, True, False, 
Theo, 3648, COLORADO REGIONAL, Q44, SUCCESS, 0, 1, 0, 0, 0, 0, 0, 0, 0, SSS, 1, 0, 2, 1, 10000, 0, 0, 0, 0, False, False, False, True, 
Taya, 698, COLORADO REGIONAL, Q44, SUCCESS, 0, 0, 0, 0, 0, 0, 0, 0, 5, OOO, 3, 0, 0, 6, 10000, 0, 0, 0, 0, False, False, False, False, 
Dani, 1, COLORADO REGIONAL, Q45, SUCCESS, 0, 0, 2, 2, 2, 0, 0, 1, 0, OSO, 1, 0, 2, 6, 11010, 0, 0, 0, 0, True, True, False, False, 
Gabby, 4388, COLORADO REGIONAL, Q45, FAIL, 0, 0, 0, 0, 0, 0, 0, 0, 0, SOS, 2, 0, 1, 0, 10000, 0, 1, 1, 0, False, False, False, False, 
Taya, 4068, COLORADO REGIONAL, Q45, SUCCESS, 0, 0, 0, 0, 0, 1, 0, 0, 3, SOS, 3, 0, 0, 7, 11000, 0, 1, 1, 0, False, False, False, False, 
Zane, 5657, COLORADO REGIONAL, Q45, SUCCESS, 0, 0, 0, 0, 0, 0, 0, 0, 7, OSO, 2, 0, 1, 8, 10001, 1, 1, 1, 0, False, False, False, False, 
Elaina, 6459, COLORADO REGIONAL, Q45, SUCCESS, 0, 0, 0, 0, 1, 0, 0, 0, 0, SOS, 1, 0, 0, 0, 10010, 0, 1, 1, 0, False, False, False, False, 
Theo, 5126, COLORADO REGIONAL, Q45, SUCCESS, 0, 0, 0, 0, 0, 0, 0, 0, 2, OSO, 3, 0, 0, 5, 10001, 1, 1, 1, 0, True, False, True, False, 
Dani, 3288, COLORADO REGIONAL, Q46, SUCCESS, 0, 0, 0, 0, 0, 0, 0, 0, 0, OOO, 2, 0, 2, 2, 10010, 0, 0, 0, 0, False, False, False, True, 
Theo, 3807, COLORADO REGIONAL, Q46, SUCCESS, 0, 0, 0, 0, 0, 0, 0, 0, 4, SSS, 1, 0, 0, 3, 10000, 1, 1, 0, 0, False, False, True, True, 
Elaina, 5493, COLORADO REGIONAL, Q46, SUCCESS, 0, 1, 0, 0, 1, 0, 0, 0, 0, SOS, 2, 0, 1, 1, 10010, 0, 0, 1, 0, False, False, False, True, 
Gabby, 1303, COLORADO REGIONAL, Q46, SUCCESS, 0, 0, 0, 0, 0, 0, 0, 0, 0, OOO, 3, 0, 0, 0, 10000, 0, 0, 0, 0, False, False, False, False, 
Elaina, 5657, COLORADO REGIONAL, Q46, SUCCESS, 0, 0, 0, 0, 0, 0, 0, 0, 0, OOO, 1, 0, 1, 2, 10000, 0, 0, 0, 0, False, False, False, False, 
Zane, 2083, COLORADO REGIONAL, Q46, NO ATTEMPT, 2, 2, 0, 0, 1, 0, 0, 0, 0, SSS, 3, 0, 4, 2, 11000, 0, 1, 1, 0, True, False, False, False, 
Zane, 5763, COLORADO REGIONAL, Q46, SUCCESS, 1, 1, 0, 0, 1, 0, 0, 0, 0, 100, 1, 0, 2, 5, 10010, 0, 0, 1, 0, True, True, False, False, 
Theo, 3200, COLORADO REGIONAL, Q46, SUCCESS, 0, 0, 0, 0, 0, 0, 0, 0, 0, OSO, 1, 0, 2, 3, 10000, 0, 1, 1, 0, True, False, False, True, 
Elaina, 2996, COLORADO REGIONAL, Q46, SUCCESS, 1, 1, 0, 0, 1, 0, 1, 0, 3, OSO, 2, 0, 1, 8, 110, 0, 3, 1, 0, False, True, False, False, 
Dani, 4593, COLORADO REGIONAL, Q46, SUCCESS, 0, 0, 0, 0, 0, 0, 0, 0, 3, OOO, 0, 0, 1, 5, 10010, 0, 0, 0, 0, False, False, True, False, 
Gabby, 1339, COLORADO REGIONAL, Q46, SUCCESS, 1, 1, 0, 0, 0, 0, 3, 0, 0, SOS, 2, 0, 1, 7, 10000, 0, 1, 1, 0, False, True, False, False, 
Taya, 2259, COLORADO REGIONAL, Q46, SUCCESS, 0, 0, 0, 0, 0, 0, 0, 0, 3, SOS, 3, 0, 0, 4, 10000, 0, 1, 1, 0, False, False, False, False, 
Theo, 2036, COLORADO REGIONAL, Q50, SUCCESS, 0, 0, 0, 0, 0, 0, 0, 0, 1, OOO, 1, 0, 1, 1, NO ATTEMPT, 1, 1, 1, 0, False, False, False, True, 
Gabby, 2945, COLORADO REGIONAL, DEFAULT, SUCCESS, 0, 1, 0, 0, 0, 0, 0, 0, 0, SSS, 2, 0, 4, 4, 110, 0, 0, 0, 0, True, False, False, True, 
Gabby, 2945, COLORADO REGIONAL, Q50, SUCCESS, 0, 1, 0, 0, 0, 0, 0, 0, 0, SSS, 2, 0, 4, 4, 110, 0, 0, 0, 0, True, False, False, True, 
Taya, 2261, COLORADO REGIONAL, Q50, SUCCESS, 0, 0, 0, 0, 0, 0, 0, 0, 1, OOO, 3, 0, 0, 1, NO ATTEMPT, 1, 1, 1, 0, False, False, False, False, 
Zane, 4293, COLORADO REGIONAL, Q50, NO ATTEMPT, 1, 1, 0, 0, 1, 0, 0, 0, 0, SSS, 3, 0, 2, 2, NO ATTEMPT, 0, 0, 0, 0, True, False, False, False, 
Elaina, 1977, COLORADO REGIONAL, Q50, SUCCESS, 0, 0, 0, 0, 0, 0, 0, 0, 0, SSS, 3, 0, 3, 3, PLATFORM / NO CLIMB, 0, 0, 0, 0, False, False, False, True, 
Dani, 4944, COLORADO REGIONAL, Q50, SUCCESS, 2, 2, 0, 0, 1, 0, 0, 2, 5, OOO, 2, 0, 0, 8, NO ATTEMPT, 0, 0, 0, 1, False, True, True, False, 
Elaina, 7243, COLORADO REGIONAL, Q50, SUCCESS, 0, 1, 0, 0, 1, 0, 0, 0, 0, SOS, 3, 0, 3, 2, NO ATTEMPT, 2, 2, 1, 0, False, False, False, True, 
Elaina, 7243, COLORADO REGIONAL, Q49, SUCCESS, 0, 1, 0, 0, 1, 0, 0, 0, 0, SOS, 3, 0, 3, 2, NO ATTEMPT, 2, 2, 1, 0, False, False, False, True, 
Theo, 2240, COLORADO REGIONAL, Q49, SUCCESS, 0, 0, 0, 0, 0, 2, 0, 0, 0, OSO, 3, 0, 1, 5, LEVITATED, 1, 1, 1, 1, True, False, False, False, 
Dani, 1245, COLORADO REGIONAL, Q49, SUCCESS, 1, 1, 0, 0, 0, 0, 0, 0, 7, SOS, 1, 0, 0, 8, 110, 0, 0, 0, 0, False, False, True, False, 
Gabby, 1011, COLORADO REGIONAL, Q49, SUCCESS, 1, 2, 0, 0, 0, 0, 0, 2, 5, OSO, 2, 0, 1, 8, NO ATTEMPT, 1, 1, 1, 0, True, False, True, False, 
Taya, 698, COLORADO REGIONAL, Q49, SUCCESS, 0, 0, 0, 0, 0, 0, 0, 0, 3, OSO, 1, 0, 1, 4, 1, 1, 1, 1, 0, False, False, False, False, 
Taya, 1583, COLORADO REGIONAL, Q48, SUCCESS, 0, 0, 0, 0, 0, 0, 0, 0, 8, SSS, 2, 0, 0, 8, 1, 1, 1, 1, 0, False, False, False, False, 
Zane, 4499, COLORADO REGIONAL, Q48, SUCCESS, 1, 1, 0, 0, 1, 0, 0, 0, 0, SOS, 2, 0, 0, 3, NO ATTEMPT, 0, 0, 0, 0, True, False, False, False, 
Theo, 5414, COLORADO REGIONAL, Q48, SUCCESS, 0, 0, 0, 1, 0, 0, 0, 0, 1, OOO, 3, 0, 1, 5, NO ATTEMPT, 0, 0, 1, 0, False, True, False, False, 
Gabby, 4641, COLORADO REGIONAL, Q48, SUCCESS, 0, 0, 0, 0, 0, 0, 0, 0, 0, SSS, 3, 0, 1, 0, NO ATTEMPT, 1, 1, 1, 0, False, False, False, True, 
Elaina, 3374, COLORADO REGIONAL, Q48, SUCCESS, 1, 1, 0, 0, 1, 0, 0, 0, 4, OOO, 2, 0, 1, 6, NO ATTEMPT, 0, 3, 0, 0, False, False, True, False, 
Dani, 3729, COLORADO REGIONAL, Q48, FAIL, 0, 0, 0, 0, 0, 0, 0, 0, 0, OOO, 1, 0, 0, 0, PLATFORM / NO CLIMB, 0, 0, 0, 0, False, False, False, True, 
Zane, 4418, COLORADO REGIONAL, Q48, SUCCESS, 0, 0, 0, 0, 0, 0, 0, 0, 0, SSS, 2, 0, 1, 0, PLATFORM / NO CLIMB, 0, 0, 0, 0, False, False, False, True, 
Dani, 3200, COLORADO REGIONAL, Q53, SUCCESS, 0, 0, 0, 0, 0, 0, 0, 0, 0, OOO, 2, 0, 3, 6, PLATFORM / NO CLIMB, 0, 0, 0, 0, False, False, False, True, 
Zane, 2259, COLORADO REGIONAL, Q53, SUCCESS, 0, 0, 0, 0, 0, 0, 0, 0, 0, OSO, 1, 0, 0, 1, NO ATTEMPT, 0, 0, 0, 0, False, False, False, True, 
Elaina, 3807, COLORADO REGIONAL, Q53, SUCCESS, 0, 0, 0, 0, 0, 0, 0, 0, 3, SOS, 1, 0, 0, 3, NO ATTEMPT, 0, 0, 1, 0, False, False, False, True, 
Gabby, 4499, COLORADO REGIONAL, Q53, SUCCESS, 2, 2, 0, 0, 1, 0, 0, 2, 4, SOS, 2, 0, 0, 8, NO ATTEMPT, 1, 0, 1, 0, True, False, True, False, 
Theo, 4068, COLORADO REGIONAL, Q53, SUCCESS, 0, 0, 0, 0, 0, 1, 0, 0, 6, OSO, 3, 0, 0, 8, LEVITATED, 1, 1, 1, 1, True, False, True, False, 
Taya, 3729, COLORADO REGIONAL, Q53, SUCCESS, 0, 0, 0, 0, 0, 0, 0, 0, 0, SOS, 3, 0, 0, 0, 1, 1, 1, 1, 0, False, False, False, False, 
Gabby, 1730, COLORADO REGIONAL, Q52, SUCCESS, 1, 2, 0, 0, 0, 0, 2, 0, 0, OOO, 2, 0, 0, 5, NO ATTEMPT, 0, 1, 1, 0, False, True, False, False, 
Taya, 5899, COLORADO REGIONAL, Q52, SUCCESS, 0, 0, 0, 0, 0, 0, 0, 0, 4, OOO, 3, 0, 1, 5, NO ATTEMPT, 0, 1, 1, 0, False, False, False, False, 
Elaina, 1584, COLORADO REGIONAL, Q52, SUCCESS, 0, 0, 0, 0, 1, 0, 0, 0, 0, OOO, 1, 0, 1, 4, NO ATTEMPT, 0, 3, 1, 0, True, False, False, False, 
Theo, 4550, COLORADO REGIONAL, Q52, SUCCESS, 1, 1, 0, 0, 0, 0, 0, 0, 7, SSS, 2, 0, 1, 8, 1, 0, 1, 1, 1, False, False, True, False, 
Dani, 148, COLORADO REGIONAL, Q52, SUCCESS, 1, 1, 1, 1, 1, 1, 0, 0, 0, SSS, 3, 0, 0, 7, SUCCESSFUL CLIMB, 0, 0, 0, 1, True, True, False, False, 
Zane, 4153, COLORADO REGIONAL, Q52, SUCCESS, 0, 0, 0, 0, 1, 0, 0, 0, 0, SSS, 2, 0, 1, 1, NO ATTEMPT, 0, 0, 0, 0, False, False, False, True, 
Theo, 1332, COLORADO REGIONAL, Q51, SUCCESS, 0, 0, 0, 0, 0, 0, 0, 0, 5, OOO, 3, 0, 2, 5, 100, 1, 1, 0, 0, False, False, True, False, 
Taya, 3005, COLORADO REGIONAL, Q51, SUCCESS, 0, 0, 0, 1, 0, 0, 1, 0, 0, SSS, 1, 0, 1, 6, LEVITATED, 0, 0, 0, 0, False, False, False, False, 
Gabby, 1410, COLORADO REGIONAL, Q51, SUCCESS, 0, 0, 0, 0, 0, 0, 0, 0, 8, SSS, 3, 0, 2, 8, NO ATTEMPT, 0, 1, 1, 0, False, False, True, False, 
Zane, 1157, COLORADO REGIONAL, Q51, NO ATTEMPT, 1, 1, 0, 0, 1, 0, 0, 0, 0, 100, 3, 0, 1, 2, NO ATTEMPT, 0, 0, 0, 0, True, False, False, False, 
Elaina, 662, COLORADO REGIONAL, Q51, SUCCESS, 0, 0, 0, 0, 1, 0, 0, 0, 0, OOO, 1, 0, 2, 2, 110, 1, 0, 1, 0, False, False, False, True, 
Dani, 159, COLORADO REGIONAL, Q51, SUCCESS, 1, 1, 0, 0, 0, 0, 0, 2, 0, SSS, 2, 0, 0, 5, PLATFORM / NO CLIMB, 0, 0, 0, 0, True, False, False, False, 
Owen, 4386, COLORADO REGIONAL, Q54, SUCCESS, 0, 0, 0, 0, 0, 0, 0, 0, 0, SSS, 3, 0, 2, 2, 1, 1, 0, 1, 0, False, False, False, True, 
Elaina, 1977, COLORADO REGIONAL, Q54, SUCCESS, 0, 0, 0, 0, 0, 0, 0, 0, 0, SSS, 1, 0, 2, 2, NO ATTEMPT, 0, 0, 0, 0, False, False, False, False, 
Jazmyne, 5493, COLORADO REGIONAL, Q54, SUCCESS, 0, 0, 0, 0, 0, 0, 0, 0, 0, OOO, 1, 0, 0, 0, NO ATTEMPT, 0, 0, 0, 0, False, False, False, False, 
Zane, 698, COLORADO REGIONAL, Q54, SUCCESS, 0, 0, 0, 0, 0, 0, 0, 0, 3, 100, 2, 0, 0, 3, NO ATTEMPT, 0, 0, 0, 0, False, False, True, False, 
Zane, 5657, COLORADO REGIONAL, Q54, SUCCESS, 1, 1, 0, 0, 0, 0, 0, 0, 0, OOO, 2, 0, 3, 1, NO ATTEMPT, 0, 2, 1, 0, False, False, False, True, 
Sophia, 118, COLORADO REGIONAL, Q54, SUCCESS, 1, 1, 1, 1, 1, 0, 0, 0, 5, OOO, 2, 0, 0, 8, SUCCESSFUL ASSISTED CLIMB, 0, 2, 1, 1, False, False, False, False, 
Owen, 5126, COLORADO REGIONAL, Q55, SUCCESS, 0, 1, 0, 0, 0, 0, 0, 0, 0, SOS, 1, 0, 0, 4, PLATFORM / NO CLIMB, 1, 1, 1, 0, False, False, False, False, 
Zane, 1799, COLORADO REGIONAL, Q55, SUCCESS, 0, 0, 0, 0, 0, 0, 0, 0, 1, OSO, 3, 0, 2, 4, NO ATTEMPT, 0, 0, 1, 0, False, False, False, True, 
Jazmyne, 159, COLORADO REGIONAL, Q55, SUCCESS, 0, 1, 0, 0, 0, 0, 0, 0, 0, OSO, 2, 0, 1, 4, 1, 0, 0, 1, 1, True, False, True, False, 
Sophia, 1619, COLORADO REGIONAL, Q55, NO ATTEMPT, 0, 0, 1, 2, 1, 0, 0, 0, 4, OSO, 2, 0, 1, 8, SUCCESSFUL ASSISTED CLIMB, 0, 0, 1, 1, True, True, True, False, 
Zane, 3288, COLORADO REGIONAL, Q55, FAIL, 0, 0, 0, 0, 0, 0, 0, 0, 0, SOS, 3, 0, 1, 3, 100, 0, 0, 0, 0, False, True, False, False, 
Anai, 4293, COLORADO REGIONAL, Q55, SUCCESS, 0, 0, 0, 0, 0, 0, 0, 0, 8, SOS, 3, 0, 3, 6, NO ATTEMPT, 2, 3, 1, 0, False, False, True, False, 
Alex, 148, COLORADO REGIONAL, Q56, SUCCESS, 1, 1, 1, 1, 1, 0, 0, 5, 0, SOS, 1, 0, 0, 8, SUCCESSFUL ASSISTED CLIMB, 0, 3, 1, 1, True, True, True, False, 
Zane, 1332, COLORADO REGIONAL, Q56, NO ATTEMPT, 0, 0, 0, 0, 0, 0, 0, 0, 3, OSO, 3, 0, 1, 6, LEVITATED, 0, 0, 1, 0, True, False, True, False, 
Anai, 159, COLORADO REGIONAL, Q56, SUCCESS, 1, 1, 0, 0, 0, 0, 0, 0, 2, SOS, 2, 0, 1, 3, 1, 0, 0, 0, 0, False, False, False, True, 
Owen, 5899, COLORADO REGIONAL, Q56, SUCCESS, 0, 0, 0, 0, 0, 0, 0, 0, 5, SOS, 3, 0, 1, 6, NO ATTEMPT, 1, 1, 1, 0, False, False, True, False, 
Zane, 2261, COLORADO REGIONAL, Q56, SUCCESS, 0, 1, 0, 0, 0, 0, 0, 0, 0, OSO, 1, 0, 0, 1, NO ATTEMPT, 1, 0, 1, 0, False, False, False, True, 
Jazmyne, 4418, COLORADO REGIONAL, Q56, SUCCESS, 0, 0, 0, 0, 0, 0, 0, 0, 0, OSO, 2, 0, 2, 2, NO ATTEMPT, 0, 0, 0, 0, False, False, False, True, 
Zane, 1245, COLORADO REGIONAL, Q57, SUCCESS, 0, 0, 0, 0, 0, 0, 0, 0, 4, SOS, 3, 0, 0, 1, NO ATTEMPT, 0, 3, 1, 0, False, False, True, False, 
Anai, 6459, PRACTICE, Q57, FAIL, 0, 0, 0, 0, 0, 0, 0, 0, 6, 1, 2, 0, 2, 6, NO ATTEMPT, 0, 0, 0, 0, False, False, True, False, 
Zane, 3374, COLORADO REGIONAL, Q57, SUCCESS, 1, 1, 0, 0, 0, 1, 0, 2, 1, OOO, 2, 0, 0, 8, PLATFORM / NO CLIMB, 1, 1, 1, 1, True, False, True, False, 
Jazmyne, 4593, COLORADO REGIONAL, Q57, SUCCESS, 0, 0, 0, 0, 0, 0, 0, 0, 5, OOO, 1, 0, 1, 6, NO ATTEMPT, 0, 0, 0, 0, False, False, True, False, 
Sophia, 1303, COLORADO REGIONAL, Q57, SUCCESS, 0, 0, 0, 0, 0, 0, 0, 0, 1, SOS, 1, 0, 0, 0, 100, 3, 0, 0, 0, False, False, False, True, 
Owen, 662, COLORADO REGIONAL, Q57, SUCCESS, 0, 0, 0, 0, 0, 0, 0, 0, 0, SOS, 3, 0, 2, 5, NO ATTEMPT, 0, 0, 1, 0, False, True, False, False, 
Zane, 2996, COLORADO REGIONAL, Q57, SUCCESS, 1, 1, 0, 0, 0, 0, 2, 0, 0, SSS, 1, 0, 0, 6, LEVITATED, 0, 0, 1, 0, False, False, False, False, 
Zane, 2996, COLORADO REGIONAL, Q58, SUCCESS, 1, 1, 0, 0, 0, 0, 2, 0, 0, SSS, 1, 0, 0, 6, LEVITATED, 0, 0, 1, 0, False, False, False, False, 
Owen, 2036, COLORADO REGIONAL, Q58, SUCCESS, 0, 0, 0, 0, 0, 0, 0, 0, 1, OOO, 1, 0, 1, 3, NO ATTEMPT, 0, 0, 0, 0, False, False, False, False, 
Anai, 5414, COLORADO REGIONAL, Q58, SUCCESS, 1, 1, 0, 0, 0, 0, 0, 0, 2, OOO, 2, 0, 3, 4, NO ATTEMPT, 0, 0, 0, 0, False, False, False, False, 
Zane, 1730, COLORADO REGIONAL, Q58, SUCCESS, 0, 0, 1, 1, 0, 0, 1, 0, 0, OOO, 3, 0, 0, 8, NO ATTEMPT, 3, 0, 0, 0, False, False, False, False, 
Sophia, 2240, COLORADO REGIONAL, Q58, SUCCESS, 1, 1, 0, 0, 0, 0, 0, 0, 8, SSS, 2, 0, 0, 8, SUCCESSFUL ASSISTED CLIMB, 3, 3, 1, 1, False, False, True, False, 
Owen, 4641, COLORADO REGIONAL, Q59, SUCCESS, 0, 1, 0, 0, 0, 0, 0, 0, 1, OOO, 2, 0, 2, 3, PLATFORM / NO CLIMB, 0, 0, 0, 0, False, False, False, True, 
Jazmyne, 4153, COLORADO REGIONAL, Q59, SUCCESS, 0, 0, 0, 0, 0, 0, 0, 0, 0, OOO, 1, 0, 1, 2, PLATFORM / NO CLIMB, 0, 0, 0, 0, False, False, False, True, 
Zane, 3005, COLORADO REGIONAL, Q59, SUCCESS, 0, 0, 0, 0, 0, 0, 0, 3, 0, SSS, 3, 0, 2, 8, LEVITATED, 1, 1, 1, 1, True, True, True, False, 
Anai, 1584, COLORADO REGIONAL, Q59, SUCCESS, 1, 1, 0, 0, 0, 0, 0, 0, 0, OOO, 3, 0, 3, 0, LEVITATED, 0, 0, 0, 0, False, False, False, False, 
Sophia, 1339, COLORADO REGIONAL, Q59, SUCCESS, 0, 0, 0, 2, 1, 0, 1, 0, 0, SSS, 1, 0, 0, 7, NO ATTEMPT, 3, 3, 1, 0, True, True, False, False, 
Zane, 1011, COLORADO REGIONAL, Q59, SUCCESS, 1, 1, 0, 0, 1, 2, 0, 0, 0, 110, 3, 0, 0, 6, NO ATTEMPT, 2, 3, 1, 0, True, False, True, False, 
Jazmyne, 3648, COLORADO REGIONAL, Q59, SUCCESS, 1, 1, 0, 0, 0, 0, 0, 0, 3, OSO, 3, 0, 0, 6, NO ATTEMPT, 0, 0, 0, 0, True, True, True, False, 
Jazmyne, 3648, COLORADO REGIONAL, Q60, SUCCESS, 1, 1, 0, 0, 0, 0, 0, 0, 3, OSO, 3, 0, 0, 6, NO ATTEMPT, 0, 0, 0, 0, True, True, True, False, 
Anai, 4388, COLORADO REGIONAL, Q60, SUCCESS, 0, 0, 0, 0, 0, 0, 4, 0, 0, SOS, 3, 0, 0, 7, LEVITATED, 0, 0, 0, 0, False, False, False, False, 
Zane, 2848, COLORADO REGIONAL, Q60, SUCCESS, 0, 0, 0, 1, 0, 0, 2, 0, 0, OSO, 1, 0, 1, 6, LEVITATED, 0, 0, 1, 1, False, True, False, False, 
Zane, 7243, COLORADO REGIONAL, Q60, NO ATTEMPT, 0, 0, 0, 0, 0, 0, 0, 0, 0, SOS, 1, 0, 0, 0, NO ATTEMPT, 0, 0, 0, 0, False, False, False, True, 
Owen, 2083, COLORADO REGIONAL, Q60, SUCCESS, 0, 0, 0, 0, 0, 0, 0, 0, 1, SOS, 2, 0, 3, 4, NO ATTEMPT, 0, 0, 0, 0, False, False, False, True, 
Sophia, 2945, COLORADO REGIONAL, Q60, SUCCESS, 0, 0, 0, 0, 0, 0, 0, 0, 0, OSO, 2, 0, 0, 2, NO ATTEMPT, 0, 0, 0, 0, False, False, False, True, 
Sophia, 4944, COLORADO REGIONAL, Q61, SUCCESS, 1, 1, 0, 0, 0, 0, 0, 0, 4, OOO, 2, 0, 1, 8, NO ATTEMPT, 0, 1, 1, 1, True, False, True, False, 
Gabby, 5763, COLORADO REGIONAL, Q61, SUCCESS, 0, 0, 0, 1, 0, 0, 0, 0, 0, OOO, 3, 0, 3, 5, NO ATTEMPT, 0, 1, 1, 0, False, True, False, False, 
Owen, 4550, COLORADO REGIONAL, Q61, SUCCESS, 1, 1, 0, 0, 0, 0, 0, 0, 0, OOO, 2, 0, 1, 8, 100, 1, 1, 1, 0, False, True, False, False, 
Jazmyne, 3807, COLORADO REGIONAL, Q61, FAIL, 0, 0, 0, 0, 0, 0, 0, 0, 2, OOO, 1, 0, 0, 2, PLATFORM / NO CLIMB, 0, 0, 0, 0, False, False, False, True, 
Anai, 6459, COLORADO REGIONAL, Q61, SUCCESS, 0, 0, 0, 0, 0, 0, 0, 0, 0, OOO, 3, 0, 0, 0, NO ATTEMPT, 0, 0, 0, 0, False, False, False, False, 
Zane, 1583, COLORADO REGIONAL, Q61, SUCCESS, 0, 0, 0, 0, 0, 0, 0, 0, 8, SSS, 1, 0, 0, 6, PLATFORM / NO CLIMB, 1, 1, 1, 1, False, False, False, False, 
Owen, 1730, COLORADO REGIONAL, Q62, SUCCESS, 0, 0, 0, 0, 0, 0, 0, 0, 8, SOS, 3, 0, 2, 8, NO ATTEMPT, 1, 1, 1, 0, False, False, True, False, 
Gabby, 1619, COLORADO REGIONAL, Q62, SUCCESS, 2, 2, 0, 0, 1, 0, 4, 0, 0, OSO, 2, 0, 1, 8, LEVITATED, 0, 1, 1, 0, False, True, False, False, 
Sophia, 3200, COLORADO REGIONAL, Q62, SUCCESS, 0, 0, 0, 0, 0, 0, 0, 0, 0, OSO, 1, 0, 0, 0, 1, 0, 2, 1, 0, False, False, False, True, 
Owen, 5763, COLORADO REGIONAL, Q65, SUCCESS, 0, 0, 1, 1, 0, 0, 0, 0, 1, SSS, 3, 0, 2, 6, PLATFORM / NO CLIMB, 1, 1, 1, 0, False, True, False, False, 
Elaina, 4386, COLORADO REGIONAL, Q65, SUCCESS, 0, 0, 0, 0, 1, 0, 0, 0, 0, OSO, 3, 0, 1, 2, PLATFORM / NO CLIMB, 0, 0, 0, 0, False, False, False, True, 
Zane, 7243, COLORADO REGIONAL, Q65, SUCCESS, 0, 0, 0, 0, 0, 0, 0, 0, 1, SOS, 1, 0, 0, 0, NO ATTEMPT, 0, 0, 0, 0, False, False, False, True, 
Sophia, 3288, COLORADO REGIONAL, Q65, SUCCESS, 0, 0, 0, 0, 0, 0, 0, 0, 0, OSO, 0, 0, 0, 0, 100, 0, 0, 0, 0, False, False, False, True, 
Gabby, 3374, COLORADO REGIONAL, Q65, SUCCESS, 1, 1, 0, 0, 0, 0, 0, 0, 6, SOS, 2, 0, 0, 8, PLATFORM / NO CLIMB, 1, 1, 1, 0, False, False, True, False, 
Jazmyne, 2261, COLORADO REGIONAL, Q65, SUCCESS, 1, 1, 0, 0, 0, 0, 0, 0, 0, OOO, 1, 0, 0, 0, NO ATTEMPT, 0, 0, 0, 0, False, False, False, True, 
Owen, 1410, COLORADO REGIONAL, Q65, SUCCESS, 1, 1, 0, 0, 0, 0, 0, 0, 8, SSS, 2, 0, 2, 7, NO ATTEMPT, 1, 1, 1, 0, False, False, True, False, 
Anai, 5657, COLORADO REGIONAL, Q62, SUCCESS, 0, 0, 0, 0, 0, 0, 0, 0, 0, SOS, 1, 0, 0, 0, PLATFORM / NO CLIMB, 0, 0, 0, 0, False, False, False, False, 
Zane, 4153, COLORADO REGIONAL, Q63, SUCCESS, 0, 0, 0, 0, 0, 0, 0, 0, 0, OOO, 1, 0, 0, 1, PLATFORM / NO CLIMB, 0, 2, 1, 0, False, False, False, True, 
Sophia, 2259, COLORADO REGIONAL, Q63, SUCCESS, 0, 0, 0, 0, 0, 0, 0, 0, 5, OOO, 3, 0, 0, 5, PLATFORM / NO CLIMB, 0, 0, 1, 0, False, False, True, False, 
Anai, 2036, COLORADO REGIONAL, DEFAULT, SUCCESS, 1, 1, 0, 0, 0, 0, 0, 0, 2, SSS, 1, 0, 2, 3, NO ATTEMPT, 0, 0, 0, 0, False, False, False, False, 
Anai, 2036, COLORADO REGIONAL, Q63, SUCCESS, 1, 1, 0, 0, 0, 0, 0, 0, 2, SSS, 1, 0, 2, 3, NO ATTEMPT, 0, 0, 0, 0, False, False, False, False, 
Gabby, 4418, COLORADO REGIONAL, Q63, SUCCESS, 0, 0, 0, 0, 0, 0, 0, 0, 0, SSS, 2, 0, 0, 0, PLATFORM / NO CLIMB, 1, 0, 0, 0, False, False, False, True, 
Owen, 5126, COLORADO REGIONAL, Q63, SUCCESS, 0, 0, 0, 0, 0, 0, 0, 0, 0, SSS, 3, 0, 2, 6, LEVITATED, 1, 0, 0, 0, True, True, False, False, 
Elaina, 3005, COLORADO REGIONAL, Q63, SUCCESS, 2, 2, 0, 0, 2, 0, 2, 2, 0, OOO, 2, 0, 0, 8, LEVITATED, 0, 3, 1, 0, True, True, False, False, 
Sophia, 148, COLORADO REGIONAL, Q64, SUCCESS, 2, 2, 1, 1, 2, 0, 1, 0, 0, 100, 3, 0, 2, 5, 100, 0, 3, 1, 1, True, True, True, False, 
Elaina, 2848, COLORADO REGIONAL, Q64, SUCCESS, 0, 0, 0, 0, 1, 0, 0, 0, 1, OOO, 1, 0, 5, 7, NO ATTEMPT, 0, 3, 1, 0, True, False, False, False, 
Zane, 1977, COLORADO REGIONAL, Q64, SUCCESS, 0, 0, 0, 0, 0, 0, 0, 0, 0, OOO, 1, 0, 1, 2, LEVITATED, 2, 1, 1, 0, False, False, False, True, 
Zane, 1977, COLORADO REGIONAL, Q64, SUCCESS, 0, 0, 0, 0, 0, 0, 0, 0, 0, OOO, 1, 0, 1, 2, LEVITATED, 2, 1, 1, 0, False, False, False, True, 
Gabby, 1011, COLORADO REGIONAL, Q64, SUCCESS, 2, 2, 0, 0, 2, 0, 0, 0, 8, 100, 2, 0, 0, 8, NO ATTEMPT, 0, 1, 1, 0, False, False, True, False, 
Anai, 5493, COLORADO REGIONAL, Q64, SUCCESS, 0, 0, 0, 0, 0, 0, 0, 0, 0, OOO, 3, 0, 0, 0, NO ATTEMPT, 0, 0, 0, 0, False, False, False, False, 
Zane, 5899, COLORADO REGIONAL, Q62, SUCCESS, 0, 0, 0, 0, 0, 0, 0, 0, 5, OSO, 3, 0, 1, 5, NO ATTEMPT, 0, 2, 1, 0, False, False, False, True, 
Gabby, 2996, COLORADO REGIONAL, Q66, SUCCESS, 1, 1, 0, 0, 0, 0, 2, 0, 1, OSO, 2, 0, 0, 7, LEVITATED, 0, 1, 1, 0, False, True, False, False, 
Owen, 4550, COLORADO REGIONAL, Q66, SUCCESS, 1, 1, 0, 0, 0, 0, 0, 0, 4, SOS, 2, 0, 0, 4, LEVITATED, 0, 1, 1, 0, False, False, True, False, 
Sophia, 1245, COLORADO REGIONAL, Q66, SUCCESS, 0, 0, 0, 0, 0, 0, 0, 0, 4, SOS, 3, 0, 0, 3, PLATFORM / NO CLIMB, 0, 1, 1, 0, False, False, True, False, 
Zane, 4641, COLORADO REGIONAL, Q66, SUCCESS, 0, 0, 0, 0, 0, 0, 0, 0, 0, OOO, 1, 0, 0, 0, NO ATTEMPT, 0, 1, 1, 0, False, False, False, True, 
Elaina, 1157, COLORADO REGIONAL, Q66, SUCCESS, 1, 1, 0, 0, 1, 0, 0, 0, 5, OSO, 3, 0, 1, 6, 100, 0, 3, 1, 0, False, False, True, False, 
NO NAME, 1799, COLORADO REGIONAL, Q66, SUCCESS, 0, 0, 0, 0, 0, 1, 0, 0, 0, SOS, 1, 0, 1, 0, NO ATTEMPT, 0, 1, 1, 0, True, False, False, False, 
Zane, 4293, COLORADO REGIONAL, Q67, SUCCESS, 0, 0, 0, 0, 0, 0, 0, 1, 0, OOO, 3, 0, 4, 7, 100, 0, 0, 0, 0, True, True, False, True, 
Sophia, 3648, COLORADO REGIONAL, Q67, SUCCESS, 1, 1, 0, 0, 0, 0, 0, 0, 2, SSS, 3, 0, 2, 4, NO ATTEMPT, 0, 0, 0, 0, False, True, False, False, 
Owen, 2083, COLORADO REGIONAL, Q67, SUCCESS, 0, 0, 0, 0, 0, 0, 0, 0, 0, SSS, 2, 0, 0, 2, PLATFORM / NO CLIMB, 0, 0, 0, 0, False, False, False, True, 
Jazmyne, 1583, COLORADO REGIONAL, Q67, FAIL, 0, 0, 0, 0, 0, 0, 0, 0, 4, OOO, 3, 0, 1, 4, PLATFORM / NO CLIMB, 1, 1, 1, 0, False, False, False, True, 
Gabby, 4499, COLORADO REGIONAL, Q67, NO ATTEMPT, 0, 0, 0, 0, 0, 0, 0, 1, 0, OOO, 0, 0, 0, 4, NO ATTEMPT, 1, 1, 1, 0, True, False, False, False, 
Jazmyne, 1303, COLORADO REGIONAL, Q68, SUCCESS, 0, 0, 0, 0, 0, 0, 0, 0, 1, SSS, 1, 0, 1, 0, 100, 0, 0, 0, 0, True, False, False, True, 
Owen, 2945, COLORADO REGIONAL, Q68, SUCCESS, 1, 1, 0, 0, 0, 0, 0, 0, 0, SSS, 2, 0, 4, 6, PLATFORM / NO CLIMB, 1, 1, 1, 0, False, False, False, True, 
Zane, 698, COLORADO REGIONAL, Q68, SUCCESS, 0, 0, 0, 0, 0, 0, 0, 0, 3, OOO, 1, 0, 0, 2, NO ATTEMPT, 3, 3, 1, 0, False, False, False, True, 
Sophia, 4593, COLORADO REGIONAL, Q68, FAIL, 0, 0, 0, 0, 0, 0, 0, 0, 0, OOO, 2, 0, 2, 1, 110, 3, 3, 1, 0, False, True, False, False, 
Gabby, 4068, COLORADO REGIONAL, Q68, SUCCESS, 0, 0, 0, 0, 0, 0, 0, 0, 2, OOO, 3, 0, 0, 5, 110, 0, 1, 1, 0, True, False, True, False, 
NO NAME, 1332, COLORADO REGIONAL, Q68, SUCCESS, 0, 0, 0, 0, 0, 0, 0, 0, 4, SSS, 3, 0, 1, 6, FAILED CLIMB, 3, 3, 1, 0, False, False, False, False, 
Zane, 662, COLORADO REGIONAL, Q68, SUCCESS, 0, 0, 0, 0, 0, 0, 0, 0, 0, SSS, 3, 0, 0, 1, PLATFORM / NO CLIMB, 1, 1, 1, 0, True, False, False, True, 
Zane, 662, COLORADO REGIONAL, Q68, SUCCESS, 0, 0, 0, 0, 0, 0, 0, 0, 0, SSS, 3, 0, 0, 1, PLATFORM / NO CLIMB, 1, 1, 1, 0, True, False, False, True, 
Zane, 662, COLORADO REGIONAL, Q69, SUCCESS, 0, 0, 0, 0, 0, 0, 0, 0, 0, SSS, 3, 0, 0, 1, PLATFORM / NO CLIMB, 1, 1, 1, 0, True, False, False, True, 
Owen, 2240, COLORADO REGIONAL, Q69, SUCCESS, 1, 1, 0, 0, 0, 0, 0, 0, 0, OOO, 3, 0, 2, 4, LEVITATED, 1, 0, 1, 0, False, False, False, True, 
Elaina, 3729, COLORADO REGIONAL, Q69, SUCCESS, 0, 0, 0, 0, 0, 0, 0, 0, 1, SSS, 3, 0, 2, 3, NO ATTEMPT, 3, 3, 1, 0, False, False, False, False, 
Sophia, 159, COLORADO REGIONAL, Q69, SUCCESS, 1, 1, 0, 0, 0, 0, 0, 0, 8, SSS, 2, 0, 1, 8, NO ATTEMPT, 0, 0, 0, 1, True, False, True, False, 
Gabby, 4944, COLORADO REGIONAL, Q69, FAIL, 0, 0, 0, 0, 0, 0, 0, 0, 7, OOO, 2, 0, 0, 7, NO ATTEMPT, 1, 1, 1, 0, True, False, True, False, 
NO NAME, 1584, PRACTICE, Q69, SUCCESS, 0, 0, 0, 0, 0, 0, 0, 0, 0, OOO, 3, 0, 0, 2, FAILED CLIMB, 0, 0, 0, 0, False, False, False, False, 
Zane, 3288, COLORADO REGIONAL, Q69, SUCCESS, 0, 0, 0, 0, 0, 0, 0, 0, 0, OSO, 1, 0, 3, 2, PLATFORM / NO CLIMB, 2, 0, 1, 0, False, False, False, True, 
Zane, 3288, COLORADO REGIONAL, Q70, SUCCESS, 0, 0, 0, 0, 0, 0, 0, 0, 0, OSO, 1, 0, 3, 2, PLATFORM / NO CLIMB, 2, 0, 1, 0, False, False, False, True, 
Elaina, 4386, COLORADO REGIONAL, Q70, SUCCESS, 1, 1, 0, 0, 1, 0, 1, 0, 0, OSO, 3, 0, 0, 4, 110, 2, 0, 1, 0, False, True, False, False, 
NO NAME, 1584, PRACTICE, Q69, SUCCESS, 0, 0, 0, 0, 0, 0, 0, 0, 0, OOO, 3, 0, 0, 3, FAILED CLIMB, 0, 0, 0, 0, False, False, False, False, 
Sophia, 3374, COLORADO REGIONAL, Q70, SUCCESS, 0, 0, 0, 0, 0, 1, 0, 0, 6, OSO, 3, 0, 1, 8, NO ATTEMPT, 0, 0, 0, 0, False, False, True, False, 
Gabby, 1619, COLORADO REGIONAL, Q70, SUCCESS, 1, 2, 0, 0, 0, 0, 3, 0, 0, SOS, 2, 0, 1, 8, LEVITATED, 1, 1, 1, 0, False, True, False, False, 
Owen, 4550, COLORADO REGIONAL, Q70, SUCCESS, 0, 0, 1, 1, 0, 0, 0, 3, 0, SOS, 3, 0, 0, 8, NO ATTEMPT, 1, 1, 1, 0, True, False, False, False, 
